"CVE-2015-1796","https://nvd.nist.gov/vuln/detail/CVE-2015-1796 - twistlock","medium","opensaml","jar","2.5.1-1","2.6.5"
"CVE-2016-1000027","https://nvd.nist.gov/vuln/detail/CVE-2016-1000027 - twistlock","critical","spring-web","jar","5.3.29","6.0.0"
"CVE-2016-1000027","https://nvd.nist.gov/vuln/detail/CVE-2016-1000027 - twistlock","critical","spring-web","jar","5.3.34","6.0.0"
"CVE-2016-5000","https://nvd.nist.gov/vuln/detail/CVE-2016-5000 - twistlock","medium","poi-ooxml","jar","3.12","3.14"
"CVE-2016-6814","https://nvd.nist.gov/vuln/detail/CVE-2016-6814 - twistlock","critical","groovy","jar","2.4.5","2.4.8"
"CVE-2017-12626","https://nvd.nist.gov/vuln/detail/CVE-2017-12626 - twistlock","high","poi;poi-ooxml","jar","3.12","3.17"
"CVE-2017-18640","https://nvd.nist.gov/vuln/detail/CVE-2017-18640 - twistlock","high","snakeyaml","jar","1.18","1.26"
"CVE-2017-5644","https://nvd.nist.gov/vuln/detail/CVE-2017-5644 - twistlock","medium","poi;poi-ooxml","jar","3.12","3.15;3.17"
"CVE-2017-7536","https://nvd.nist.gov/vuln/detail/CVE-2017-7536 - twistlock","high","hibernate-validator","jar","5.2.2.Final","5.2.5"
"CVE-2018-10237","https://nvd.nist.gov/vuln/detail/CVE-2018-10237 - twistlock","medium","guava","jar","18.0","24.1.1"
"CVE-2018-11797","https://nvd.nist.gov/vuln/detail/CVE-2018-11797 - twistlock","medium","pdfbox","jar","2.0.7","2.0.12"
"CVE-2018-20200","https://nvd.nist.gov/vuln/detail/CVE-2018-20200 - twistlock","medium","okhttp","jar","3.12.0","3.12.1"
"CVE-2018-8032","https://nvd.nist.gov/vuln/detail/CVE-2018-8032 - twistlock","medium","axis","jar","1.4",
"CVE-2018-8036","https://nvd.nist.gov/vuln/detail/CVE-2018-8036 - twistlock","medium","pdfbox","jar","2.0.7","2.0.11"
"CVE-2019-0227","https://nvd.nist.gov/vuln/detail/CVE-2019-0227 - twistlock","high","axis","jar","1.4",
"CVE-2019-10172","https://nvd.nist.gov/vuln/detail/CVE-2019-10172 - twistlock","high","jackson-mapper-asl","jar","1.9.13",
"CVE-2019-10202","https://nvd.nist.gov/vuln/detail/CVE-2019-10202 - twistlock","critical","jackson-mapper-asl","jar","1.9.13",
"CVE-2019-10219","https://nvd.nist.gov/vuln/detail/CVE-2019-10219 - twistlock","medium","hibernate-validator","jar","5.2.2.Final","6.0.18"
"CVE-2019-10219","https://nvd.nist.gov/vuln/detail/CVE-2019-10219 - twistlock","medium","hibernate-validator","jar","5.2.5.Final","6.0.18"
"CVE-2019-11236","https://nvd.nist.gov/vuln/detail/CVE-2019-11236 - twistlock","medium","urllib3","python","1.24.2","1.24.3"
"CVE-2019-12415","https://nvd.nist.gov/vuln/detail/CVE-2019-12415 - twistlock","medium","poi;poi-ooxml","jar","3.12","4.1.1"
"CVE-2019-13224","https://access.redhat.com/errata/RHSA-2024:0889 - twistlock","medium","oniguruma","os","6.8.2-2.el8","6.8.2-2.1.el8_9"
"CVE-2019-16163","https://access.redhat.com/errata/RHSA-2024:0889 - twistlock","medium","oniguruma","os","6.8.2-2.el8","6.8.2-2.1.el8_9"
"CVE-2019-17195","https://nvd.nist.gov/vuln/detail/CVE-2019-17195 - twistlock","critical","nimbus-jose-jwt","jar","6.0","7.9"
"CVE-2019-17495","https://nvd.nist.gov/vuln/detail/CVE-2019-17495 - twistlock","critical","swagger-ui","jar","3.1.7","3.23.11"
"CVE-2019-17495","https://nvd.nist.gov/vuln/detail/CVE-2019-17495 - twistlock","critical","swagger-ui","jar","3.19.5","3.23.11"
"CVE-2019-19012","https://access.redhat.com/errata/RHSA-2024:0889 - twistlock","medium","oniguruma","os","6.8.2-2.el8","6.8.2-2.1.el8_9"
"CVE-2019-19203","https://access.redhat.com/errata/RHSA-2024:0889 - twistlock","medium","oniguruma","os","6.8.2-2.el8","6.8.2-2.1.el8_9"
"CVE-2019-19204","https://access.redhat.com/errata/RHSA-2024:0889 - twistlock","medium","oniguruma","os","6.8.2-2.el8","6.8.2-2.1.el8_9"
"CVE-2019-19246","https://access.redhat.com/security/cve/CVE-2019-19246 - twistlock","low","oniguruma","os","6.8.2-2.1.el8_9",
"CVE-2019-19246","https://access.redhat.com/security/cve/CVE-2019-19246 - twistlock","low","oniguruma","os","6.8.2-2.el8",
"CVE-2019-19246","https://access.redhat.com/security/cve/CVE-2019-19246 - twistlock","low","oniguruma","os","6.8.2-3.el8",
"CVE-2020-10693","https://nvd.nist.gov/vuln/detail/CVE-2020-10693 - twistlock","medium","hibernate-validator","jar","5.2.2.Final","6.1.5"
"CVE-2020-10693","https://nvd.nist.gov/vuln/detail/CVE-2020-10693 - twistlock","medium","hibernate-validator","jar","5.2.5.Final","6.1.5"
"CVE-2020-11971","https://nvd.nist.gov/vuln/detail/CVE-2020-11971 - twistlock","high","camel-core","jar","2.24.0","3.2.0"
"CVE-2020-11988","https://nvd.nist.gov/vuln/detail/CVE-2020-11988 - twistlock","high","xmlgraphics-commons","jar","1.2","2.6"
"CVE-2020-13956","https://nvd.nist.gov/vuln/detail/CVE-2020-13956 - twistlock","medium","httpclient","jar","4.5.9","5.0.3"
"CVE-2020-15778","https://access.redhat.com/security/cve/CVE-2020-15778 - twistlock","medium","openssh;openssh-clients;openssh-server","os","8.0p1-19.el8_9.2",
"CVE-2020-17049","https://access.redhat.com/security/cve/CVE-2020-17049 - twistlock","medium","krb5-libs","os","1.18.2-26.el8_9",
"CVE-2020-17521","https://nvd.nist.gov/vuln/detail/CVE-2020-17521 - twistlock","medium","groovy","jar","2.4.5","3.0.7"
"CVE-2020-19188","https://access.redhat.com/security/cve/CVE-2020-19188 - twistlock","low","ncurses-base;ncurses-libs","os","6.1-10.20180224.el8",
"CVE-2020-20703","https://access.redhat.com/security/cve/CVE-2020-20703 - twistlock","low","vim-minimal","os","8.0.1763-19.el8_6.4",
"CVE-2020-25649","https://nvd.nist.gov/vuln/detail/CVE-2020-25649 - twistlock","high","jackson-databind","jar","2.10.2","2.10.5.1"
"CVE-2020-2604","https://nvd.nist.gov/vuln/detail/CVE-2020-2604 - twistlock","high","java","app","1.8.0","13.0.2"
"CVE-2020-26137","https://nvd.nist.gov/vuln/detail/CVE-2020-26137 - twistlock","medium","urllib3","python","1.24.2","1.25.9"
"CVE-2020-2659","https://nvd.nist.gov/vuln/detail/CVE-2020-2659 - twistlock","low","java","app","1.8.0","1.8.0_241"
"CVE-2020-2756","https://nvd.nist.gov/vuln/detail/CVE-2020-2756 - twistlock","low","java","app","1.8.0","14.0.1"
"CVE-2020-2757","https://nvd.nist.gov/vuln/detail/CVE-2020-2757 - twistlock","low","java","app","1.8.0","14.0.1"
"CVE-2020-2773","https://nvd.nist.gov/vuln/detail/CVE-2020-2773 - twistlock","low","java","app","1.8.0","14.0.1"
"CVE-2020-2781","https://nvd.nist.gov/vuln/detail/CVE-2020-2781 - twistlock","medium","java","app","1.8.0","14.0.1"
"CVE-2020-2800","https://nvd.nist.gov/vuln/detail/CVE-2020-2800 - twistlock","medium","java","app","1.8.0","14.0.1"
"CVE-2020-2803","https://nvd.nist.gov/vuln/detail/CVE-2020-2803 - twistlock","high","java","app","1.8.0","14.0.1"
"CVE-2020-2805","https://nvd.nist.gov/vuln/detail/CVE-2020-2805 - twistlock","high","java","app","1.8.0","14.0.1"
"CVE-2020-2830","https://nvd.nist.gov/vuln/detail/CVE-2020-2830 - twistlock","medium","java","app","1.8.0","14.0.1"
"CVE-2020-28491","https://nvd.nist.gov/vuln/detail/CVE-2020-28491 - twistlock","high","jackson-dataformat-cbor","jar","2.10.0","2.12.1"
"CVE-2020-36518","https://nvd.nist.gov/vuln/detail/CVE-2020-36518 - twistlock","high","jackson-databind","jar","2.11.1;2.10.2","2.13.2.1"
"CVE-2020-36518","https://nvd.nist.gov/vuln/detail/CVE-2020-36518 - twistlock","high","jackson-databind","jar","2.11.1;2.12.0","2.13.2.1"
"CVE-2020-36518","https://nvd.nist.gov/vuln/detail/CVE-2020-36518 - twistlock","high","jackson-databind","jar","2.11.1","2.13.2.1"
"CVE-2020-8908","https://nvd.nist.gov/vuln/detail/CVE-2020-8908 - twistlock","low","guava","jar","18.0","32.0.0"
"CVE-2021-20264","https://nvd.nist.gov/vuln/detail/CVE-2021-20264 - twistlock","high","java","app","1.8.0","11.0.1"
"CVE-2021-2161","https://nvd.nist.gov/vuln/detail/CVE-2021-2161 - twistlock","medium","java","app","1.8.0","16.0.1"
"CVE-2021-2163","https://nvd.nist.gov/vuln/detail/CVE-2021-2163 - twistlock","medium","java","app","1.8.0","16.0.1"
"CVE-2021-23463","https://nvd.nist.gov/vuln/detail/CVE-2021-23463 - twistlock","high","h2","jar","1.4.200","2.0.202"
"CVE-2021-23926","https://nvd.nist.gov/vuln/detail/CVE-2021-23926 - twistlock","critical","xmlbeans","jar","2.6.0","3.0.0"
"CVE-2021-23926","https://nvd.nist.gov/vuln/detail/CVE-2021-23926 - twistlock","critical","xmlbeans","jar","2.6.0-r1364789","3.0.0"
"CVE-2021-27568","https://nvd.nist.gov/vuln/detail/CVE-2021-27568 - twistlock","medium","json-smart","jar","1.1.1","2.4.1"
"CVE-2021-27807","https://nvd.nist.gov/vuln/detail/CVE-2021-27807 - twistlock","medium","pdfbox","jar","2.0.7","2.0.23"
"CVE-2021-27906","https://nvd.nist.gov/vuln/detail/CVE-2021-27906 - twistlock","medium","pdfbox","jar","2.0.7","2.0.23"
"CVE-2021-28168","https://nvd.nist.gov/vuln/detail/CVE-2021-28168 - twistlock","medium","jersey-common","jar","2.31","3.0.2"
"CVE-2021-28169","https://nvd.nist.gov/vuln/detail/CVE-2021-28169 - twistlock","medium","jetty-io","jar","9.4.39.v20210325","11.0.3"
"CVE-2021-28490","https://nvd.nist.gov/vuln/detail/CVE-2021-28490 - twistlock","high","csrfguard","jar","3.0.0","4.0.0"
"CVE-2021-29425","https://nvd.nist.gov/vuln/detail/CVE-2021-29425 - twistlock","medium","commons-io","jar","2.4","2.7"
"CVE-2021-31811","https://nvd.nist.gov/vuln/detail/CVE-2021-31811 - twistlock","medium","pdfbox","jar","2.0.7","2.0.24"
"CVE-2021-31812","https://nvd.nist.gov/vuln/detail/CVE-2021-31812 - twistlock","medium","pdfbox","jar","2.0.7","2.0.24"
"CVE-2021-31879","https://access.redhat.com/security/cve/CVE-2021-31879 - twistlock","medium","wget","os","1.19.5-11.el8",
"CVE-2021-34428","https://nvd.nist.gov/vuln/detail/CVE-2021-34428 - twistlock","low","jetty-io;jetty-server","jar","9.4.39.v20210325","11.0.3"
"CVE-2021-34429","https://nvd.nist.gov/vuln/detail/CVE-2021-34429 - twistlock","medium","jetty-io","jar","9.4.39.v20210325","11.0.6"
"CVE-2021-37533","https://nvd.nist.gov/vuln/detail/CVE-2021-37533 - twistlock","medium","commons-net","jar","3.8.0","3.9.0"
"CVE-2021-39537","https://access.redhat.com/security/cve/CVE-2021-39537 - twistlock","low","ncurses-base;ncurses-libs","os","6.1-10.20180224.el8",
"CVE-2021-40690","https://nvd.nist.gov/vuln/detail/CVE-2021-40690 - twistlock","high","xmlsec","jar","1.5.8","2.2.3"
"CVE-2021-42392","https://nvd.nist.gov/vuln/detail/CVE-2021-42392 - twistlock","critical","h2","jar","1.4.189","2.0.206"
"CVE-2021-42392","https://nvd.nist.gov/vuln/detail/CVE-2021-42392 - twistlock","critical","h2","jar","1.4.200","2.0.206"
"CVE-2021-43618","https://access.redhat.com/errata/RHSA-2024:1102 - twistlock","medium","gmp","os","6.1.2-10.el8","6.1.2-11.el8_8.1"
"CVE-2021-43618","https://access.redhat.com/security/cve/CVE-2021-43618 - twistlock","medium","gmp","os","6.1.2-10.el8",
"CVE-2021-46877","https://nvd.nist.gov/vuln/detail/CVE-2021-46877 - twistlock","high","jackson-databind","jar","2.11.1;2.10.2","2.13.1"
"CVE-2021-46877","https://nvd.nist.gov/vuln/detail/CVE-2021-46877 - twistlock","high","jackson-databind","jar","2.11.1;2.12.0","2.13.1"
"CVE-2021-46877","https://nvd.nist.gov/vuln/detail/CVE-2021-46877 - twistlock","high","jackson-databind","jar","2.11.1","2.13.1"
"CVE-2022-1471","https://nvd.nist.gov/vuln/detail/CVE-2022-1471 - twistlock","critical","snakeyaml","jar","1.18","2.0"
"CVE-2022-1471","https://nvd.nist.gov/vuln/detail/CVE-2022-1471 - twistlock","critical","snakeyaml","jar","1.29;1.18","2.0"
"CVE-2022-1471","https://nvd.nist.gov/vuln/detail/CVE-2022-1471 - twistlock","critical","snakeyaml","jar","1.29","2.0"
"CVE-2022-2047","https://nvd.nist.gov/vuln/detail/CVE-2022-2047 - twistlock","low","jetty-http;jetty-io","jar","9.4.39.v20210325","11.0.10;11.0.13"
"CVE-2022-2048","https://nvd.nist.gov/vuln/detail/CVE-2022-2048 - twistlock","high","jetty-io","jar","9.4.39.v20210325","11.0.9"
"CVE-2022-21248","https://nvd.nist.gov/vuln/detail/CVE-2022-21248 - twistlock","low","java","app","1.8.0","17.0.2"
"CVE-2022-21282","https://nvd.nist.gov/vuln/detail/CVE-2022-21282 - twistlock","medium","java","app","1.8.0","17.0.2"
"CVE-2022-21293","https://nvd.nist.gov/vuln/detail/CVE-2022-21293 - twistlock","medium","java","app","1.8.0","17.0.2"
"CVE-2022-21294","https://nvd.nist.gov/vuln/detail/CVE-2022-21294 - twistlock","medium","java","app","1.8.0","17.0.2"
"CVE-2022-21296","https://nvd.nist.gov/vuln/detail/CVE-2022-21296 - twistlock","medium","java","app","1.8.0","17.0.2"
"CVE-2022-21299","https://nvd.nist.gov/vuln/detail/CVE-2022-21299 - twistlock","medium","java","app","1.8.0","17.0.2"
"CVE-2022-21305","https://nvd.nist.gov/vuln/detail/CVE-2022-21305 - twistlock","medium","java","app","1.8.0","17.0.2"
"CVE-2022-21340","https://nvd.nist.gov/vuln/detail/CVE-2022-21340 - twistlock","medium","java","app","1.8.0","17.0.2"
"CVE-2022-21341","https://nvd.nist.gov/vuln/detail/CVE-2022-21341 - twistlock","medium","java","app","1.8.0","17.0.2"
"CVE-2022-21349","https://nvd.nist.gov/vuln/detail/CVE-2022-21349 - twistlock","medium","java","app","1.8.0","1.8.0_321"
"CVE-2022-21360","https://nvd.nist.gov/vuln/detail/CVE-2022-21360 - twistlock","medium","java","app","1.8.0","17.0.2"
"CVE-2022-21365","https://nvd.nist.gov/vuln/detail/CVE-2022-21365 - twistlock","medium","java","app","1.8.0","17.0.2"
"CVE-2022-21476","https://nvd.nist.gov/vuln/detail/CVE-2022-21476 - twistlock","high","java","app","1.8.0","18.0.1"
"CVE-2022-21540","https://nvd.nist.gov/vuln/detail/CVE-2022-21540 - twistlock","medium","java","app","1.8.0","19"
"CVE-2022-21541","https://nvd.nist.gov/vuln/detail/CVE-2022-21541 - twistlock","medium","java","app","1.8.0","19"
"CVE-2022-2182","https://access.redhat.com/security/cve/CVE-2022-2182 - twistlock","low","vim-minimal","os","8.0.1763-19.el8_6.4",
"CVE-2022-23221","https://nvd.nist.gov/vuln/detail/CVE-2022-23221 - twistlock","critical","h2","jar","1.4.189","2.1.210"
"CVE-2022-23221","https://nvd.nist.gov/vuln/detail/CVE-2022-23221 - twistlock","critical","h2","jar","1.4.200","2.1.210"
"CVE-2022-25857","https://nvd.nist.gov/vuln/detail/CVE-2022-25857 - twistlock","high","snakeyaml","jar","1.18","1.31"
"CVE-2022-25857","https://nvd.nist.gov/vuln/detail/CVE-2022-25857 - twistlock","high","snakeyaml","jar","1.29;1.18","1.31"
"CVE-2022-25857","https://nvd.nist.gov/vuln/detail/CVE-2022-25857 - twistlock","high","snakeyaml","jar","1.29","1.31"
"CVE-2022-26336","https://nvd.nist.gov/vuln/detail/CVE-2022-26336 - twistlock","medium","poi-ooxml;poi-scratchpad","jar","3.12","5.2.1"
"CVE-2022-26336","https://nvd.nist.gov/vuln/detail/CVE-2022-26336 - twistlock","medium","poi-ooxml;poi-scratchpad","jar","4.1.1","5.2.1"
"CVE-2022-2923","https://access.redhat.com/security/cve/CVE-2022-2923 - twistlock","low","vim-minimal","os","8.0.1763-19.el8_6.4",
"CVE-2022-31159","https://nvd.nist.gov/vuln/detail/CVE-2022-31159 - twistlock","high","aws-java-sdk-s3","jar","1.11.986","1.12.261"
"CVE-2022-34169","https://nvd.nist.gov/vuln/detail/CVE-2022-34169 - twistlock","high","java","app","1.8.0","19"
"CVE-2022-38749","https://nvd.nist.gov/vuln/detail/CVE-2022-38749 - twistlock","medium","snakeyaml","jar","1.18","1.31"
"CVE-2022-38749","https://nvd.nist.gov/vuln/detail/CVE-2022-38749 - twistlock","medium","snakeyaml","jar","1.29;1.18","1.31"
"CVE-2022-38749","https://nvd.nist.gov/vuln/detail/CVE-2022-38749 - twistlock","medium","snakeyaml","jar","1.29","1.31"
"CVE-2022-38750","https://nvd.nist.gov/vuln/detail/CVE-2022-38750 - twistlock","medium","snakeyaml","jar","1.18","1.31"
"CVE-2022-38750","https://nvd.nist.gov/vuln/detail/CVE-2022-38750 - twistlock","medium","snakeyaml","jar","1.29;1.18","1.31"
"CVE-2022-38750","https://nvd.nist.gov/vuln/detail/CVE-2022-38750 - twistlock","medium","snakeyaml","jar","1.29","1.31"
"CVE-2022-38751","https://nvd.nist.gov/vuln/detail/CVE-2022-38751 - twistlock","medium","snakeyaml","jar","1.18","1.31"
"CVE-2022-38751","https://nvd.nist.gov/vuln/detail/CVE-2022-38751 - twistlock","medium","snakeyaml","jar","1.29;1.18","1.31"
"CVE-2022-38751","https://nvd.nist.gov/vuln/detail/CVE-2022-38751 - twistlock","medium","snakeyaml","jar","1.29","1.31"
"CVE-2022-38752","https://nvd.nist.gov/vuln/detail/CVE-2022-38752 - twistlock","medium","snakeyaml","jar","1.18","1.32"
"CVE-2022-38752","https://nvd.nist.gov/vuln/detail/CVE-2022-38752 - twistlock","medium","snakeyaml","jar","1.29;1.18","1.32"
"CVE-2022-38752","https://nvd.nist.gov/vuln/detail/CVE-2022-38752 - twistlock","medium","snakeyaml","jar","1.29","1.32"
"CVE-2022-40897","https://access.redhat.com/errata/RHSA-2023:7395 - twistlock;https://nvd.nist.gov/vuln/detail/CVE-2022-40897 - twistlock","medium","platform-python-setuptools;python3-setuptools-wheel;setuptools","os;python","39.2.0-7.el8;39.2.0","39.2.0-7.el8_6;65.5.1"
"CVE-2022-41853","https://nvd.nist.gov/vuln/detail/CVE-2022-41853 - twistlock","critical","hsqldb","jar","2.4.0","2.7.1"
"CVE-2022-41854","https://nvd.nist.gov/vuln/detail/CVE-2022-41854 - twistlock","medium","snakeyaml","jar","1.18","1.32"
"CVE-2022-41854","https://nvd.nist.gov/vuln/detail/CVE-2022-41854 - twistlock","medium","snakeyaml","jar","1.29;1.18","1.32"
"CVE-2022-41854","https://nvd.nist.gov/vuln/detail/CVE-2022-41854 - twistlock","medium","snakeyaml","jar","1.29","1.32"
"CVE-2022-42003","https://nvd.nist.gov/vuln/detail/CVE-2022-42003 - twistlock","high","jackson-databind","jar","2.11.1;2.10.2","2.13.4.1"
"CVE-2022-42003","https://nvd.nist.gov/vuln/detail/CVE-2022-42003 - twistlock","high","jackson-databind","jar","2.11.1;2.12.0","2.13.4.1"
"CVE-2022-42003","https://nvd.nist.gov/vuln/detail/CVE-2022-42003 - twistlock","high","jackson-databind","jar","2.11.1","2.13.4.1"
"CVE-2022-42004","https://nvd.nist.gov/vuln/detail/CVE-2022-42004 - twistlock","high","jackson-databind","jar","2.11.1;2.10.2","2.13.4"
"CVE-2022-42004","https://nvd.nist.gov/vuln/detail/CVE-2022-42004 - twistlock","high","jackson-databind","jar","2.11.1;2.12.0","2.13.4"
"CVE-2022-42004","https://nvd.nist.gov/vuln/detail/CVE-2022-42004 - twistlock","high","jackson-databind","jar","2.11.1","2.13.4"
"CVE-2022-45688","https://nvd.nist.gov/vuln/detail/CVE-2022-45688 - twistlock","high","json","jar","20160212","20230227"
"CVE-2022-45868","https://nvd.nist.gov/vuln/detail/CVE-2022-45868 - twistlock","high","h2","jar","1.4.189","2.2.220"
"CVE-2022-47007","https://access.redhat.com/security/cve/CVE-2022-47007 - twistlock","low","gdb-gdbserver","os","8.2-20.el8",
"CVE-2022-47010","https://access.redhat.com/security/cve/CVE-2022-47010 - twistlock","low","gdb-gdbserver","os","8.2-20.el8",
"CVE-2022-47011","https://access.redhat.com/security/cve/CVE-2022-47011 - twistlock","low","gdb-gdbserver","os","8.2-20.el8",
"CVE-2022-48468","https://access.redhat.com/errata/RHSA-2024:0406 - twistlock","medium","protobuf-c","os","1.3.0-8.el8","1.3.0-8.el8_6"
"CVE-2022-48468","https://access.redhat.com/errata/RHSA-2024:0406 - twistlock","medium","protobuf-c","os","1.3.0-8.el8","1.3.0-8.el8_8"
"CVE-2023-0833","https://nvd.nist.gov/vuln/detail/CVE-2023-0833 - twistlock","medium","okhttp","jar","3.12.0","4.9.2"
"CVE-2023-1370","https://nvd.nist.gov/vuln/detail/CVE-2023-1370 - twistlock","high","json-smart","jar","1.1.1","2.4.9"
"CVE-2023-21930","https://nvd.nist.gov/vuln/detail/CVE-2023-21930 - twistlock","high","java","app","1.8.0_391","17.0.7"
"CVE-2023-21930","https://nvd.nist.gov/vuln/detail/CVE-2023-21930 - twistlock","high","java","app","1.8.0_401","17.0.7"
"CVE-2023-21937","https://nvd.nist.gov/vuln/detail/CVE-2023-21937 - twistlock","low","java","app","1.8.0_391","17.0.7"
"CVE-2023-21937","https://nvd.nist.gov/vuln/detail/CVE-2023-21937 - twistlock","low","java","app","1.8.0_401","17.0.7"
"CVE-2023-21938","https://nvd.nist.gov/vuln/detail/CVE-2023-21938 - twistlock","low","java","app","1.8.0_391","17.0.7"
"CVE-2023-21938","https://nvd.nist.gov/vuln/detail/CVE-2023-21938 - twistlock","low","java","app","1.8.0_401","17.0.7"
"CVE-2023-21939","https://nvd.nist.gov/vuln/detail/CVE-2023-21939 - twistlock","medium","java","app","1.8.0_391","17.0.7"
"CVE-2023-21939","https://nvd.nist.gov/vuln/detail/CVE-2023-21939 - twistlock","medium","java","app","1.8.0_401","17.0.7"
"CVE-2023-21954","https://nvd.nist.gov/vuln/detail/CVE-2023-21954 - twistlock","medium","java","app","1.8.0_391","17.0.7"
"CVE-2023-21954","https://nvd.nist.gov/vuln/detail/CVE-2023-21954 - twistlock","medium","java","app","1.8.0_401","17.0.7"
"CVE-2023-21967","https://nvd.nist.gov/vuln/detail/CVE-2023-21967 - twistlock","medium","java","app","1.8.0_391","17.0.7"
"CVE-2023-21967","https://nvd.nist.gov/vuln/detail/CVE-2023-21967 - twistlock","medium","java","app","1.8.0_401","17.0.7"
"CVE-2023-24056","https://access.redhat.com/security/cve/CVE-2023-24056 - twistlock","low","libpkgconf;pkgconf;pkgconf-m4;pkgconf-pkg-config","os","1.4.2-1.el8",
"CVE-2023-26048","https://nvd.nist.gov/vuln/detail/CVE-2023-26048 - twistlock","medium","jetty-io;jetty-server","jar","9.4.39.v20210325","11.0.14"
"CVE-2023-26049","https://nvd.nist.gov/vuln/detail/CVE-2023-26049 - twistlock","medium","jetty-server;jetty-io","jar","9.4.39.v20210325","12.0.0.beta0;11.0.14"
"CVE-2023-28322","https://access.redhat.com/errata/RHSA-2024:1601 - twistlock","low","curl;libcurl","os","7.61.1-33.el8","7.61.1-33.el8_9.5"
"CVE-2023-28322","https://access.redhat.com/security/cve/CVE-2023-28322 - twistlock","low","curl;libcurl","os","7.61.1-33.el8",
"CVE-2023-29499","https://access.redhat.com/security/cve/CVE-2023-29499 - twistlock","low","glib2","os","2.56.4-161.el8",
"CVE-2023-2953","https://access.redhat.com/security/cve/CVE-2023-2953 - twistlock","low","openldap","os","2.4.46-18.el8",
"CVE-2023-2976","https://nvd.nist.gov/vuln/detail/CVE-2023-2976 - twistlock","high","guava","jar","18.0","32.0.0"
"CVE-2023-31582","https://nvd.nist.gov/vuln/detail/CVE-2023-31582 - twistlock","high","jose4j","jar","0.9.2","0.9.3"
"CVE-2023-32611","https://access.redhat.com/security/cve/CVE-2023-32611 - twistlock","low","glib2","os","2.56.4-161.el8",
"CVE-2023-32665","https://access.redhat.com/security/cve/CVE-2023-32665 - twistlock","low","glib2","os","2.56.4-161.el8",
"CVE-2023-32681","https://nvd.nist.gov/vuln/detail/CVE-2023-32681 - twistlock","medium","requests","python","2.20.0","2.31.0"
"CVE-2023-34040","https://nvd.nist.gov/vuln/detail/CVE-2023-34040 - twistlock","high","spring-kafka","jar","2.8.11","3.0.10"
"CVE-2023-34055","https://nvd.nist.gov/vuln/detail/CVE-2023-34055 - twistlock","medium","spring-boot","jar","2.7.15","3.1.6"
"CVE-2023-35116","https://nvd.nist.gov/vuln/detail/CVE-2023-35116 - twistlock","medium","jackson-databind","jar","2.11.1;2.10.2;2.13.5","2.16.0"
"CVE-2023-35116","https://nvd.nist.gov/vuln/detail/CVE-2023-35116 - twistlock","medium","jackson-databind","jar","2.11.1;2.13.5","2.16.0"
"CVE-2023-35116","https://nvd.nist.gov/vuln/detail/CVE-2023-35116 - twistlock","medium","jackson-databind","jar","2.11.1","2.16.0"
"CVE-2023-3635","https://nvd.nist.gov/vuln/detail/CVE-2023-3635 - twistlock","medium","okio","jar","1.15.0","3.4.0"
"CVE-2023-36478","https://nvd.nist.gov/vuln/detail/CVE-2023-36478 - twistlock","high","jetty-io","jar","9.4.39.v20210325","11.0.16"
"CVE-2023-36479","https://nvd.nist.gov/vuln/detail/CVE-2023-36479 - twistlock","medium","jetty-io","jar","9.4.39.v20210325","11.0.16"
"CVE-2023-36632","https://access.redhat.com/security/cve/CVE-2023-36632 - twistlock","medium","platform-python;python3-libs","os","3.6.8-56.el8_9.3",
"CVE-2023-37920","https://access.redhat.com/security/cve/CVE-2023-37920 - twistlock","low","ca-certificates","os","2023.2.60_v7.0.306-80.0.el8_8",
"CVE-2023-38546","https://access.redhat.com/errata/RHSA-2024:1601 - twistlock","low","curl;libcurl","os","7.61.1-33.el8","7.61.1-33.el8_9.5"
"CVE-2023-38546","https://access.redhat.com/security/cve/CVE-2023-38546 - twistlock","low","curl;libcurl","os","7.61.1-33.el8",
"CVE-2023-40167","https://nvd.nist.gov/vuln/detail/CVE-2023-40167 - twistlock","medium","jetty-http;jetty-io","jar","9.4.39.v20210325","12.0.1"
"CVE-2023-40743","https://nvd.nist.gov/vuln/detail/CVE-2023-40743 - twistlock","critical","axis","jar","1.4",
"CVE-2023-41900","https://nvd.nist.gov/vuln/detail/CVE-2023-41900 - twistlock","medium","jetty-io","jar","9.4.39.v20210325","11.0.16"
"CVE-2023-41993","https://nvd.nist.gov/vuln/detail/CVE-2023-41993 - twistlock","critical","java","app","1.8.0_401","1.9.1"
"CVE-2023-43804","https://access.redhat.com/security/cve/CVE-2023-43804 - twistlock;https://nvd.nist.gov/vuln/detail/CVE-2023-43804 - twistlock","high","python3-pip-wheel;urllib3","os;python","9.0.3-23.el8;1.24.2","2.0.6"
"CVE-2023-43804","https://nvd.nist.gov/vuln/detail/CVE-2023-43804 - twistlock","high","urllib3","python","1.24.2","2.0.6"
"CVE-2023-4408","https://access.redhat.com/errata/RHSA-2024:1782 - twistlock","high","bind-libs;bind-libs-lite;bind-license;bind-utils;python3-bind","os","9.11.36-11.el8_9","9.11.36-11.el8_9.1"
"CVE-2023-4408","https://access.redhat.com/security/cve/CVE-2023-4408 - twistlock","high","bind-libs;bind-libs-lite;bind-license;bind-utils;python3-bind","os","9.11.36-11.el8_9",
"CVE-2023-44483","https://nvd.nist.gov/vuln/detail/CVE-2023-44483 - twistlock","medium","xmlsec","jar","1.5.8","3.0.3"
"CVE-2023-44487","https://nvd.nist.gov/vuln/detail/CVE-2023-44487 - twistlock","high","jetty-io","jar","9.4.39.v20210325","12.0.2"
"CVE-2023-44794","https://nvd.nist.gov/vuln/detail/CVE-2023-44794 - twistlock","critical","spring-core","jar","5.3.29",
"CVE-2023-44794","https://nvd.nist.gov/vuln/detail/CVE-2023-44794 - twistlock","critical","spring-core;spring-web","jar","5.3.29",
"CVE-2023-44981","https://nvd.nist.gov/vuln/detail/CVE-2023-44981 - twistlock","critical","zookeeper","jar","3.6.3","3.9.1"
"CVE-2023-45803","https://nvd.nist.gov/vuln/detail/CVE-2023-45803 - twistlock","medium","urllib3","python","1.24.2","2.0.7"
"CVE-2023-46218","https://access.redhat.com/errata/RHSA-2024:1601 - twistlock","medium","curl;libcurl","os","7.61.1-33.el8","7.61.1-33.el8_9.5"
"CVE-2023-46218","https://access.redhat.com/security/cve/CVE-2023-46218 - twistlock","medium","curl;libcurl","os","7.61.1-33.el8",
"CVE-2023-4733","https://access.redhat.com/security/cve/CVE-2023-4733 - twistlock","low","vim-minimal","os","8.0.1763-19.el8_6.4",
"CVE-2023-4750","https://access.redhat.com/security/cve/CVE-2023-4750 - twistlock","low","vim-minimal","os","8.0.1763-19.el8_6.4",
"CVE-2023-48231","https://access.redhat.com/security/cve/CVE-2023-48231 - twistlock","low","vim-minimal","os","8.0.1763-19.el8_6.4",
"CVE-2023-48232","https://access.redhat.com/security/cve/CVE-2023-48232 - twistlock","low","vim-minimal","os","8.0.1763-19.el8_6.4",
"CVE-2023-48233","https://access.redhat.com/security/cve/CVE-2023-48233 - twistlock","low","vim-minimal","os","8.0.1763-19.el8_6.4",
"CVE-2023-48234","https://access.redhat.com/security/cve/CVE-2023-48234 - twistlock","low","vim-minimal","os","8.0.1763-19.el8_6.4",
"CVE-2023-48235","https://access.redhat.com/security/cve/CVE-2023-48235 - twistlock","low","vim-minimal","os","8.0.1763-19.el8_6.4",
"CVE-2023-48236","https://access.redhat.com/security/cve/CVE-2023-48236 - twistlock","low","vim-minimal","os","8.0.1763-19.el8_6.4",
"CVE-2023-48237","https://access.redhat.com/security/cve/CVE-2023-48237 - twistlock","low","vim-minimal","os","8.0.1763-19.el8_6.4",
"CVE-2023-48706","https://access.redhat.com/security/cve/CVE-2023-48706 - twistlock","low","vim-minimal","os","8.0.1763-19.el8_6.4",
"CVE-2023-50298","https://nvd.nist.gov/vuln/detail/CVE-2023-50298 - twistlock","low","solr-solrj","jar","8.11.2","9.4.1"
"CVE-2023-50387","https://access.redhat.com/errata/RHSA-2024:1782 - twistlock","high","bind-libs;bind-libs-lite;bind-license;bind-utils;python3-bind","os","9.11.36-11.el8_9","9.11.36-11.el8_9.1"
"CVE-2023-50387","https://access.redhat.com/security/cve/CVE-2023-50387 - twistlock","high","bind-libs;bind-libs-lite;bind-license;bind-utils;python3-bind","os","9.11.36-11.el8_9",
"CVE-2023-5072","https://nvd.nist.gov/vuln/detail/CVE-2023-5072 - twistlock","high","json","jar","20160212","20231013"
"CVE-2023-50868","https://access.redhat.com/errata/RHSA-2024:1782 - twistlock","high","bind-libs;bind-libs-lite;bind-license;bind-utils;python3-bind","os","9.11.36-11.el8_9","9.11.36-11.el8_9.1"
"CVE-2023-50868","https://access.redhat.com/security/cve/CVE-2023-50868 - twistlock","high","bind-libs;bind-libs-lite;bind-license;bind-utils;python3-bind","os","9.11.36-11.el8_9",
"CVE-2023-51775","https://nvd.nist.gov/vuln/detail/CVE-2023-51775 - twistlock","medium","jose4j","jar","0.9.2","0.9.4"
"CVE-2023-52425","https://access.redhat.com/errata/RHSA-2024:1615 - twistlock","medium","expat","os","2.2.5-11.el8","2.2.5-11.el8_9.1"
"CVE-2023-52425","https://access.redhat.com/errata/RHSA-2024:2575 - twistlock","medium","expat","os","2.2.5-11.el8","2.2.5-11.el8_9.1"
"CVE-2023-52425","https://access.redhat.com/security/cve/CVE-2023-52425 - twistlock","medium","expat","os","2.2.5-11.el8",
"CVE-2023-52426","https://access.redhat.com/security/cve/CVE-2023-52426 - twistlock","medium","expat","os","2.2.5-11.el8",
"CVE-2023-52428","https://nvd.nist.gov/vuln/detail/CVE-2023-52428 - twistlock","medium","nimbus-jose-jwt","jar","6.0","9.37.2"
"CVE-2023-5455","https://access.redhat.com/security/cve/CVE-2023-5455 - twistlock","medium","krb5-libs","os","1.18.2-26.el8_9",
"CVE-2023-6004","https://access.redhat.com/errata/RHSA-2024:3233 - twistlock","low","libssh;libssh-config","os","0.9.6-13.el8_9","0.9.6-14.el8"
"CVE-2023-6004","https://access.redhat.com/security/cve/CVE-2023-6004 - twistlock","low","libssh;libssh-config","os","0.9.6-13.el8_9",
"CVE-2023-6597","https://access.redhat.com/errata/RHSA-2024:3347 - twistlock","high","platform-python;python3-libs","os","3.6.8-56.el8_9.3","3.6.8-62.el8_10"
"CVE-2023-6597","https://access.redhat.com/security/cve/CVE-2023-6597 - twistlock","high","platform-python;python3-libs","os","3.6.8-56.el8_9.3",
"CVE-2023-6918","https://access.redhat.com/errata/RHSA-2024:3233 - twistlock","low","libssh;libssh-config","os","0.9.6-13.el8_9","0.9.6-14.el8"
"CVE-2023-6918","https://access.redhat.com/security/cve/CVE-2023-6918 - twistlock","low","libssh;libssh-config","os","0.9.6-13.el8_9",
"CVE-2023-7008","https://access.redhat.com/errata/RHSA-2024:3203 - twistlock","medium","systemd;systemd-libs;systemd-pam","os","239-78.el8","239-82.el8"
"CVE-2023-7008","https://access.redhat.com/security/cve/CVE-2023-7008 - twistlock","medium","systemd;systemd-libs;systemd-pam","os","239-78.el8",
"CVE-2024-0232","https://access.redhat.com/security/cve/CVE-2024-0232 - twistlock","low","sqlite-libs","os","3.26.0-19.el8_9",
"CVE-2024-0450","https://access.redhat.com/errata/RHSA-2024:3347 - twistlock","medium","platform-python;python3-libs","os","3.6.8-56.el8_9.3","3.6.8-62.el8_10"
"CVE-2024-0450","https://access.redhat.com/security/cve/CVE-2024-0450 - twistlock","medium","platform-python;python3-libs","os","3.6.8-56.el8_9.3",
"CVE-2024-0727","https://access.redhat.com/security/cve/CVE-2024-0727 - twistlock","low","openssl;openssl-libs","os","1.1.1k-12.el8_9",
"CVE-2024-1597","https://nvd.nist.gov/vuln/detail/CVE-2024-1597 - twistlock","critical","postgresql","jar","42.3.8","42.7.2"
"CVE-2024-20918","https://nvd.nist.gov/vuln/detail/CVE-2024-20918 - twistlock","high","java","app","1.8.0_391","18"
"CVE-2024-20922","https://nvd.nist.gov/vuln/detail/CVE-2024-20922 - twistlock","low","java","app","1.8.0_391","1.9.1"
"CVE-2024-20926","https://nvd.nist.gov/vuln/detail/CVE-2024-20926 - twistlock","medium","java","app","1.8.0_391","18"
"CVE-2024-20952","https://nvd.nist.gov/vuln/detail/CVE-2024-20952 - twistlock","high","java","app","1.8.0_391","18"
"CVE-2024-21634","https://nvd.nist.gov/vuln/detail/CVE-2024-21634 - twistlock","high","ion-java","jar","1.0.2",
"CVE-2024-21634","https://nvd.nist.gov/vuln/detail/CVE-2024-21634 - twistlock","high","ion-java","jar","1.0.3",
"CVE-2024-21634","https://nvd.nist.gov/vuln/detail/CVE-2024-21634 - twistlock","high","ion-java","jar","1.2.0",
"CVE-2024-22243","https://nvd.nist.gov/vuln/detail/CVE-2024-22243 - twistlock","high","spring-web","jar","5.3.29","6.1.4"
"CVE-2024-22257","https://nvd.nist.gov/vuln/detail/CVE-2024-22257 - twistlock","high","spring-security-core","jar","5.7.11","6.2.3"
"CVE-2024-22259","https://nvd.nist.gov/vuln/detail/CVE-2024-22259 - twistlock","high","spring-web","jar","5.3.29","6.1.5"
"CVE-2024-22262","https://nvd.nist.gov/vuln/detail/CVE-2024-22262 - twistlock","high","spring-web","jar","5.3.29","6.1.6"
"CVE-2024-22365","https://access.redhat.com/errata/RHSA-2024:3163 - twistlock","medium","pam","os","1.3.1-27.el8","1.3.1-33.el8"
"CVE-2024-22365","https://access.redhat.com/security/cve/CVE-2024-22365 - twistlock","medium","pam","os","1.3.1-27.el8",
"CVE-2024-2236","https://access.redhat.com/security/cve/CVE-2024-2236 - twistlock","medium","libgcrypt","os","1.8.5-7.el8_6",
"CVE-2024-22667","https://access.redhat.com/security/cve/CVE-2024-22667 - twistlock","low","vim-minimal","os","8.0.1763-19.el8_6.4",
"CVE-2024-23672","https://nvd.nist.gov/vuln/detail/CVE-2024-23672 - twistlock","medium","tomcat-embed-websocket","jar","9.0.85","11.0.0-M17"
"CVE-2024-23672","https://nvd.nist.gov/vuln/detail/CVE-2024-23672 - twistlock","medium","tomcat-websocket","jar","9.0.85","11.0.0-M17"
"CVE-2024-23944","https://nvd.nist.gov/vuln/detail/CVE-2024-23944 - twistlock","medium","zookeeper","jar","3.6.3","3.9.2"
"CVE-2024-2397","https://access.redhat.com/security/cve/CVE-2024-2397 - twistlock","low","libpcap","os","1.9.1-5.el8",
"CVE-2024-2398","https://access.redhat.com/security/cve/CVE-2024-2398 - twistlock","medium","curl;libcurl","os","7.61.1-33.el8",
"CVE-2024-24549","https://nvd.nist.gov/vuln/detail/CVE-2024-24549 - twistlock","medium","tomcat-coyote","jar","9.0.85","11.0.0-M17"
"CVE-2024-24549","https://nvd.nist.gov/vuln/detail/CVE-2024-24549 - twistlock","medium","tomcat-embed-core","jar","9.0.85","11.0.0-M17"
"CVE-2024-25062","https://access.redhat.com/errata/RHSA-2024:3626 - twistlock","medium","libxml2","os","2.9.7-18.el8_9","2.9.7-18.el8_10.1"
"CVE-2024-25062","https://access.redhat.com/security/cve/CVE-2024-25062 - twistlock","medium","libxml2","os","2.9.7-18.el8_9",
"CVE-2024-2511","https://access.redhat.com/security/cve/CVE-2024-2511 - twistlock","low","openssl-libs","os","1.1.1k-12.el8_9",
"CVE-2024-2511","https://access.redhat.com/security/cve/CVE-2024-2511 - twistlock","low","openssl;openssl-libs","os","1.1.1k-12.el8_9",
"CVE-2024-25710","https://nvd.nist.gov/vuln/detail/CVE-2024-25710 - twistlock","medium","commons-compress","jar","1.24.0","1.26.0"
"CVE-2024-26308","https://nvd.nist.gov/vuln/detail/CVE-2024-26308 - twistlock","medium","commons-compress","jar","1.24.0","1.26.0"
"CVE-2024-26458","https://access.redhat.com/errata/RHSA-2024:3268 - twistlock","low","krb5-libs","os","1.18.2-26.el8_9","1.18.2-27.el8_10"
"CVE-2024-26458","https://access.redhat.com/security/cve/CVE-2024-26458 - twistlock","low","krb5-libs","os","1.18.2-26.el8_9",
"CVE-2024-26458","https://access.redhat.com/security/cve/CVE-2024-26458 - twistlock","low","krb5-libs","os","1.18.2-26.el8_9","under investigation"
"CVE-2024-26461","https://access.redhat.com/errata/RHSA-2024:3268 - twistlock","low","krb5-libs","os","1.18.2-26.el8_9","1.18.2-27.el8_10"
"CVE-2024-26461","https://access.redhat.com/security/cve/CVE-2024-26461 - twistlock","low","krb5-libs","os","1.18.2-26.el8_9",
"CVE-2024-26461","https://access.redhat.com/security/cve/CVE-2024-26461 - twistlock","low","krb5-libs","os","1.18.2-26.el8_9","under investigation"
"CVE-2024-26462","https://access.redhat.com/security/cve/CVE-2024-26462 - twistlock","low","krb5-libs","os","1.18.2-26.el8_9","under investigation"
"CVE-2024-27316","https://access.redhat.com/security/cve/CVE-2024-27316 - twistlock","high","libnghttp2","os","1.33.0-5.el8_9",
"CVE-2024-27316","https://access.redhat.com/security/cve/CVE-2024-27316 - twistlock","medium","libnghttp2","os","1.33.0-5.el8_9",
"CVE-2024-28182","https://access.redhat.com/security/cve/CVE-2024-28182 - twistlock","high","libnghttp2","os","1.33.0-5.el8_9",
"CVE-2024-28182","https://access.redhat.com/security/cve/CVE-2024-28182 - twistlock","medium","libnghttp2","os","1.33.0-5.el8_9",
"CVE-2024-28752","https://nvd.nist.gov/vuln/detail/CVE-2024-28752 - twistlock","medium","cxf-core","jar","3.5.6","4.0.4"
"CVE-2024-28757","https://access.redhat.com/security/cve/CVE-2024-28757 - twistlock","medium","expat","os","2.2.5-11.el8",
"CVE-2024-28834","https://access.redhat.com/errata/RHSA-2024:1784 - twistlock","medium","gnutls","os","3.6.16-8.el8_9.1","3.6.16-8.el8_9.3"
"CVE-2024-28834","https://access.redhat.com/security/cve/CVE-2024-28834 - twistlock","medium","gnutls","os","3.6.16-8.el8_9.1",
"CVE-2024-28835","https://access.redhat.com/security/cve/CVE-2024-28835 - twistlock","medium","gnutls","os","3.6.16-8.el8_9.1",
"CVE-2024-29025","https://nvd.nist.gov/vuln/detail/CVE-2024-29025 - twistlock","medium","netty-codec-http","jar","4.1.106.Final","4.1.108.Final"
"CVE-2024-29040","https://access.redhat.com/security/cve/CVE-2024-29040 - twistlock","medium","tpm2-tss","os","2.3.2-5.el8",
"CVE-2024-29040","https://access.redhat.com/security/cve/CVE-2024-29040 - twistlock","medium","tpm2-tss","os","2.3.2-5.el8","under investigation"
"CVE-2024-2961","https://access.redhat.com/errata/RHSA-2024:2722 - twistlock","high","glibc;glibc-common;glibc-devel;glibc-gconv-extra;glibc-headers;glibc-langpack-en;glibc-minimal-langpack","os","2.28-236.el8_9.12","2.28-236.el8_9.13"
"CVE-2024-2961","https://access.redhat.com/errata/RHSA-2024:2722 - twistlock","high","glibc;glibc-common;glibc-gconv-extra;glibc-langpack-en;glibc-minimal-langpack","os","2.28-236.el8_9.12","2.28-236.el8_9.13"
"CVE-2024-2961","https://access.redhat.com/security/cve/CVE-2024-2961 - twistlock","high","glibc;glibc-common;glibc-devel;glibc-gconv-extra;glibc-headers;glibc-langpack-en;glibc-minimal-langpack","os","2.28-236.el8_9.12",
"CVE-2024-2961","https://access.redhat.com/security/cve/CVE-2024-2961 - twistlock","high","glibc;glibc-common;glibc-gconv-extra;glibc-langpack-en;glibc-minimal-langpack","os","2.28-236.el8_9.12",
"CVE-2024-2961","https://access.redhat.com/security/cve/CVE-2024-2961 - twistlock","high","glibc;glibc-common;glibc-minimal-langpack","os","2.28-236.el8.7",
"CVE-2024-29857","https://nvd.nist.gov/vuln/detail/CVE-2024-29857 - twistlock","medium","bcpkix-jdk18on;bcprov-jdk18on","jar","1.77.00.0","1.78"
"CVE-2024-30171","https://nvd.nist.gov/vuln/detail/CVE-2024-30171 - twistlock","medium","bcpkix-jdk18on;bcprov-jdk18on","jar","1.77.00.0","1.78"
"CVE-2024-30172","https://nvd.nist.gov/vuln/detail/CVE-2024-30172 - twistlock","medium","bcpkix-jdk18on;bcprov-jdk18on","jar","1.77.00.0","1.78"
"CVE-2024-3205","https://access.redhat.com/security/cve/CVE-2024-3205 - twistlock","medium","libyaml","os","0.1.7-5.el8",
"CVE-2024-3205","https://access.redhat.com/security/cve/CVE-2024-3205 - twistlock","medium","libyaml","os","0.1.7-5.el8","under investigation"
"CVE-2024-33599","https://access.redhat.com/errata/RHSA-2024:3344 - twistlock","high","glibc;glibc-common;glibc-devel;glibc-gconv-extra;glibc-headers;glibc-langpack-en;glibc-minimal-langpack","os","2.28-236.el8_9.12","2.28-251.el8_10.2"
"CVE-2024-33599","https://access.redhat.com/errata/RHSA-2024:3344 - twistlock","high","glibc;glibc-common;glibc-gconv-extra;glibc-langpack-en;glibc-minimal-langpack","os","2.28-236.el8_9.12","2.28-251.el8_10.2"
"CVE-2024-33599","https://access.redhat.com/security/cve/CVE-2024-33599 - twistlock","high","glibc;glibc-common;glibc-devel;glibc-gconv-extra;glibc-headers;glibc-langpack-en;glibc-minimal-langpack","os","2.28-236.el8_9.12",
"CVE-2024-33599","https://access.redhat.com/security/cve/CVE-2024-33599 - twistlock","high","glibc;glibc-common;glibc-gconv-extra;glibc-langpack-en;glibc-minimal-langpack","os","2.28-236.el8_9.12",
"CVE-2024-33599","https://access.redhat.com/security/cve/CVE-2024-33599 - twistlock","high","glibc;glibc-common;glibc-minimal-langpack","os","2.28-236.el8.7",
"CVE-2024-33600","https://access.redhat.com/errata/RHSA-2024:3344 - twistlock","medium","glibc;glibc-common;glibc-devel;glibc-gconv-extra;glibc-headers;glibc-langpack-en;glibc-minimal-langpack","os","2.28-236.el8_9.12","2.28-251.el8_10.2"
"CVE-2024-33600","https://access.redhat.com/errata/RHSA-2024:3344 - twistlock","medium","glibc;glibc-common;glibc-gconv-extra;glibc-langpack-en;glibc-minimal-langpack","os","2.28-236.el8_9.12","2.28-251.el8_10.2"
"CVE-2024-33600","https://access.redhat.com/security/cve/CVE-2024-33600 - twistlock","medium","glibc;glibc-common;glibc-devel;glibc-gconv-extra;glibc-headers;glibc-langpack-en;glibc-minimal-langpack","os","2.28-236.el8_9.12",
"CVE-2024-33600","https://access.redhat.com/security/cve/CVE-2024-33600 - twistlock","medium","glibc;glibc-common;glibc-gconv-extra;glibc-langpack-en;glibc-minimal-langpack","os","2.28-236.el8_9.12",
"CVE-2024-33600","https://access.redhat.com/security/cve/CVE-2024-33600 - twistlock","medium","glibc;glibc-common;glibc-minimal-langpack","os","2.28-236.el8.7",
"CVE-2024-33601","https://access.redhat.com/errata/RHSA-2024:3344 - twistlock","low","glibc;glibc-common;glibc-devel;glibc-gconv-extra;glibc-headers;glibc-langpack-en;glibc-minimal-langpack","os","2.28-236.el8_9.12","2.28-251.el8_10.2"
"CVE-2024-33601","https://access.redhat.com/errata/RHSA-2024:3344 - twistlock","low","glibc;glibc-common;glibc-gconv-extra;glibc-langpack-en;glibc-minimal-langpack","os","2.28-236.el8_9.12","2.28-251.el8_10.2"
"CVE-2024-33601","https://access.redhat.com/security/cve/CVE-2024-33601 - twistlock","low","glibc;glibc-common;glibc-devel;glibc-gconv-extra;glibc-headers;glibc-langpack-en;glibc-minimal-langpack","os","2.28-236.el8_9.12",
"CVE-2024-33601","https://access.redhat.com/security/cve/CVE-2024-33601 - twistlock","low","glibc;glibc-common;glibc-gconv-extra;glibc-langpack-en;glibc-minimal-langpack","os","2.28-236.el8_9.12",
"CVE-2024-33601","https://access.redhat.com/security/cve/CVE-2024-33601 - twistlock","low","glibc;glibc-common;glibc-minimal-langpack","os","2.28-236.el8.7",
"CVE-2024-33602","https://access.redhat.com/errata/RHSA-2024:3344 - twistlock","low","glibc;glibc-common;glibc-devel;glibc-gconv-extra;glibc-headers;glibc-langpack-en;glibc-minimal-langpack","os","2.28-236.el8_9.12","2.28-251.el8_10.2"
"CVE-2024-33602","https://access.redhat.com/errata/RHSA-2024:3344 - twistlock","low","glibc;glibc-common;glibc-gconv-extra;glibc-langpack-en;glibc-minimal-langpack","os","2.28-236.el8_9.12","2.28-251.el8_10.2"
"CVE-2024-33602","https://access.redhat.com/security/cve/CVE-2024-33602 - twistlock","low","glibc;glibc-common;glibc-devel;glibc-gconv-extra;glibc-headers;glibc-langpack-en;glibc-minimal-langpack","os","2.28-236.el8_9.12",
"CVE-2024-33602","https://access.redhat.com/security/cve/CVE-2024-33602 - twistlock","low","glibc;glibc-common;glibc-gconv-extra;glibc-langpack-en;glibc-minimal-langpack","os","2.28-236.el8_9.12",
"CVE-2024-33602","https://access.redhat.com/security/cve/CVE-2024-33602 - twistlock","low","glibc;glibc-common;glibc-minimal-langpack","os","2.28-236.el8.7",
"CVE-2024-34397","https://access.redhat.com/security/cve/CVE-2024-34397 - twistlock","medium","glib2","os","2.56.4-161.el8","under investigation"
"CVE-2024-34447","https://nvd.nist.gov/vuln/detail/CVE-2024-34447 - twistlock","low","bcprov-jdk18on","jar","1.77.00.0","1.78"
"CVE-2024-34459","https://access.redhat.com/security/cve/CVE-2024-34459 - twistlock","low","libxml2","os","2.9.7-18.el8_9",
"CVE-2024-35195","https://access.redhat.com/security/cve/CVE-2024-35195 - twistlock;https://nvd.nist.gov/vuln/detail/CVE-2024-35195 - twistlock","medium","python3-pip-wheel;python3-requests;requests","os;python","9.0.3-23.el8;2.20.0-3.el8_8;2.20.0","under investigation;2.32.0"
"CVE-2024-35325","https://access.redhat.com/security/cve/CVE-2024-35325 - twistlock","medium","libyaml","os","0.1.7-5.el8","under investigation"
"CVE-2024-35326","https://access.redhat.com/security/cve/CVE-2024-35326 - twistlock","medium","libyaml","os","0.1.7-5.el8","under investigation"
"CVE-2024-35328","https://access.redhat.com/security/cve/CVE-2024-35328 - twistlock","medium","libyaml","os","0.1.7-5.el8",
"CVE-2024-3651","https://nvd.nist.gov/vuln/detail/CVE-2024-3651 - twistlock;https://access.redhat.com/errata/RHSA-2024:3552 - twistlock","medium","idna;python3-idna","python;os","2.5;2.5-5.el8","3.7;2.5-5.el8_8.1"
"CVE-2024-3651","https://nvd.nist.gov/vuln/detail/CVE-2024-3651 - twistlock","medium","idna","python","2.5","3.7"
"CVE-2024-37370","https://access.redhat.com/security/cve/CVE-2024-37370 - twistlock","medium","krb5-libs","os","1.18.2-26.el8_9",
"CVE-2024-37371","https://access.redhat.com/security/cve/CVE-2024-37371 - twistlock","medium","krb5-libs","os","1.18.2-26.el8_9",
"CVE-2024-37891","https://access.redhat.com/security/cve/CVE-2024-37891 - twistlock;https://nvd.nist.gov/vuln/detail/CVE-2024-37891 - twistlock","medium","python3-urllib3;urllib3","os;python","1.24.2-5.el8_9.2;1.24.2","2.2.2"
"CVE-2024-37891","https://nvd.nist.gov/vuln/detail/CVE-2024-37891 - twistlock","medium","urllib3","python","1.24.2","2.2.2"
"CVE-2024-38428","https://access.redhat.com/security/cve/CVE-2024-38428 - twistlock","medium","wget","os","1.19.5-11.el8",
"CVE-2024-4032","https://access.redhat.com/security/cve/CVE-2024-4032 - twistlock","low","platform-python;python3-libs","os","3.6.8-56.el8_9.3",
"CVE-2024-4741","https://access.redhat.com/security/cve/CVE-2024-4741 - twistlock","low","openssl;openssl-libs","os","1.1.1k-12.el8_9","under investigation"
"CVE-2024-5535","https://access.redhat.com/security/cve/CVE-2024-5535 - twistlock","low","openssl;openssl-libs","os","1.1.1k-12.el8_9","under investigation"
"CVE-2024-5642","https://access.redhat.com/security/cve/CVE-2024-5642 - twistlock","low","platform-python;python3-libs","os","3.6.8-56.el8_9.3",
cve,cveReferences,highestSeverity,artifactNames,artifactTypes,vulnerableVersions,fixedVersions
"GHSA-6g3j-p5g6-992f","https://github.com/advisories/GHSA-6g3j-p5g6-992f - twistlock","medium","opensearch","jar","1.1.0","2.11.1"
"GHSA-jgvc-jfgh-rjvv","https://github.com/advisories/GHSA-jgvc-jfgh-rjvv - twistlock","medium","jose4j","jar","0.9.2","0.9.3"
"PRISMA-2021-0055","https://issues.apache.org/jira/browse/CODEC-134 - twistlock","low","commons-codec","jar","1.11","1.13"
"PRISMA-2021-0182","https://github.com/eclipse/jetty.project/issues/6973 - twistlock","medium","jetty-server;jetty-servlet","jar","9.4.39.v20210325","9.4.44"
"PRISMA-2023-0067","https://github.com/FasterXML/jackson-core/pull/827 - twistlock","high","jackson-core","jar","2.11.1;2.10.2;2.13.5","2.15.0"
"PRISMA-2023-0067","https://github.com/FasterXML/jackson-core/pull/827 - twistlock","high","jackson-core","jar","2.11.1;2.12.0","2.15.0"
"PRISMA-2023-0067","https://github.com/FasterXML/jackson-core/pull/827 - twistlock","high","jackson-core","jar","2.11.1;2.13.5","2.15.0"
"PRISMA-2023-0067","https://github.com/FasterXML/jackson-core/pull/827 - twistlock","high","jackson-core","jar","2.11.1","2.15.0"
