image,imageTag,imageDigest,platform,hasFix,cve,cveReferences,highestSeverity,vulnerableVersions,fixedVersions,cvePublished,cveLastModified,artifactNames,artifactTypes,artifactPaths,severities,cvssBaseScores,highestCvssBaseScore,cvssExploitabilityScores,highestCvssExploitabilityScore,cvssImpactScores,highestCvssImpactScore,cvssVectors,exploitDBRefs,vulnerableBuildSteps,vulnerableLayerNumbers,baseLayerVulnerability,notes,scannerHits,tags
"ibm-maas360-apps-gold-android-ws","10.91-REL-20240508.054228","sha256:a49b440222cc64975f21b06d15dc04098cadc4c9821caa46a7506201d169c678","linux:amd64:","Yes","CVE-2015-1796","https://nvd.nist.gov/vuln/detail/CVE-2015-1796 - twistlock","medium","2.5.1-1","2.6.5","2015-07-08",,"opensaml","jar","/opt/tomcat/webapps/android-ws.war/opensaml-2.5.1-1.jar","medium - twistlock","4.3 - twistlock","4.3",,,,,"AV:N/AC:M/Au:N/C:N/I:P/A:N",,"43","11","false",,"twistlock","nvd-status(modified)"
"ibm-maas360-apps-gold-android-ws","10.91-REL-20240508.054228","sha256:a49b440222cc64975f21b06d15dc04098cadc4c9821caa46a7506201d169c678","linux:amd64:","Yes","CVE-2016-1000027","https://nvd.nist.gov/vuln/detail/CVE-2016-1000027 - twistlock","critical","5.3.29","6.0.0","2020-01-02",,"spring-web","jar","/opt/tomcat/webapps/android-ws.war/spring-web-5.3.29.jar","critical - twistlock","9.8 - twistlock","9.8",,,,,"CVSS:3.1/AV:N/AC:L/PR:N/UI:N/S:U/C:H/I:H/A:H",,"43","11","false",,"twistlock","nvd-status(modified)"
"ibm-maas360-apps-gold-android-ws","10.91-REL-20240508.054228","sha256:a49b440222cc64975f21b06d15dc04098cadc4c9821caa46a7506201d169c678","linux:amd64:","Yes","CVE-2016-6814","https://nvd.nist.gov/vuln/detail/CVE-2016-6814 - twistlock","critical","2.4.5","2.4.8","2018-01-18",,"groovy","jar","/opt/tomcat/webapps/android-ws.war/groovy-2.4.5.jar","critical - twistlock","9.8 - twistlock","9.8",,,,,"CVSS:3.0/AV:N/AC:L/PR:N/UI:N/S:U/C:H/I:H/A:H",,"43","11","false",,"twistlock","nvd-status(modified)"
"ibm-maas360-apps-gold-android-ws","10.91-REL-20240508.054228","sha256:a49b440222cc64975f21b06d15dc04098cadc4c9821caa46a7506201d169c678","linux:amd64:","No","CVE-2019-10172","https://nvd.nist.gov/vuln/detail/CVE-2019-10172 - twistlock","high","1.9.13",,"2019-11-18",,"jackson-mapper-asl","jar","/opt/tomcat/webapps/android-ws.war/jackson-mapper-asl-1.9.13.jar","high - twistlock","7.5 - twistlock","7.5",,,,,"CVSS:3.1/AV:N/AC:L/PR:N/UI:N/S:U/C:N/I:H/A:N",,"43","11","false",,"twistlock","nvd-status(modified)"
"ibm-maas360-apps-gold-android-ws","10.91-REL-20240508.054228","sha256:a49b440222cc64975f21b06d15dc04098cadc4c9821caa46a7506201d169c678","linux:amd64:","No","CVE-2019-10202","https://nvd.nist.gov/vuln/detail/CVE-2019-10202 - twistlock","critical","1.9.13",,"2022-05-24",,"jackson-mapper-asl","jar","/opt/tomcat/webapps/android-ws.war/jackson-mapper-asl-1.9.13.jar","critical - twistlock","9.8 - twistlock","9.8",,,,,"CVSS:3.1/AV:N/AC:L/PR:N/UI:N/S:U/C:H/I:H/A:H",,"43","11","false",,"twistlock","nvd-status(modified)"
"ibm-maas360-apps-gold-android-ws","10.91-REL-20240508.054228","sha256:a49b440222cc64975f21b06d15dc04098cadc4c9821caa46a7506201d169c678","linux:amd64:","No","CVE-2019-19246","https://access.redhat.com/security/cve/CVE-2019-19246 - twistlock","low","6.8.2-2.1.el8_9",,"2019-11-25",,"oniguruma","os",,"low - twistlock","4.8 - twistlock","4.8",,,,,"CVSS:3.1/AV:N/AC:L/PR:N/UI:N/S:U/C:N/I:N/A:H",,"37","7","true",,"twistlock","nvd-status(modified)"
"ibm-maas360-apps-gold-android-ws","10.91-REL-20240508.054228","sha256:a49b440222cc64975f21b06d15dc04098cadc4c9821caa46a7506201d169c678","linux:amd64:","Yes","CVE-2020-11971","https://nvd.nist.gov/vuln/detail/CVE-2020-11971 - twistlock","high","2.24.0","3.2.0","2021-05-21",,"camel-core","jar","/opt/tomcat/webapps/android-ws.war/camel-core-2.24.0.jar","high - twistlock","7.5 - twistlock","7.5",,,,,"CVSS:3.1/AV:N/AC:L/PR:N/UI:N/S:U/C:H/I:N/A:N",,"43","11","false",,"twistlock","nvd-status(analyzed)"
"ibm-maas360-apps-gold-android-ws","10.91-REL-20240508.054228","sha256:a49b440222cc64975f21b06d15dc04098cadc4c9821caa46a7506201d169c678","linux:amd64:","No","CVE-2020-17049","https://access.redhat.com/security/cve/CVE-2020-17049 - twistlock","medium","1.18.2-26.el8_9",,"2020-11-10",,"krb5-libs","os",,"medium - twistlock","7.2 - twistlock","7.2",,,,,"CVSS:3.1/AV:N/AC:H/PR:H/UI:N/S:U/C:H/I:H/A:H",,"22","0","true",,"twistlock","nvd-status(modified)"
"ibm-maas360-apps-gold-android-ws","10.91-REL-20240508.054228","sha256:a49b440222cc64975f21b06d15dc04098cadc4c9821caa46a7506201d169c678","linux:amd64:","Yes","CVE-2020-17521","https://nvd.nist.gov/vuln/detail/CVE-2020-17521 - twistlock","medium","2.4.5","3.0.7","2020-12-07",,"groovy","jar","/opt/tomcat/webapps/android-ws.war/groovy-2.4.5.jar","medium - twistlock","5.5 - twistlock","5.5",,,,,"CVSS:3.1/AV:L/AC:L/PR:L/UI:N/S:U/C:H/I:N/A:N",,"43","11","false",,"twistlock","nvd-status(analyzed)"
"ibm-maas360-apps-gold-android-ws","10.91-REL-20240508.054228","sha256:a49b440222cc64975f21b06d15dc04098cadc4c9821caa46a7506201d169c678","linux:amd64:","No","CVE-2020-19188","https://access.redhat.com/security/cve/CVE-2020-19188 - twistlock","low","6.1-10.20180224.el8",,"2023-08-22",,"ncurses-base;ncurses-libs","os",,"low - twistlock","6.5 - twistlock","6.5",,,,,"CVSS:3.1/AV:N/AC:L/PR:N/UI:R/S:U/C:N/I:N/A:H",,"22","0","true",,"twistlock","nvd-status(analyzed)"
"ibm-maas360-apps-gold-android-ws","10.91-REL-20240508.054228","sha256:a49b440222cc64975f21b06d15dc04098cadc4c9821caa46a7506201d169c678","linux:amd64:","No","CVE-2020-20703","https://access.redhat.com/security/cve/CVE-2020-20703 - twistlock","low","8.0.1763-19.el8_6.4",,"2023-06-20",,"vim-minimal","os",,"low - twistlock","5.5 - twistlock","5.5",,,,,"CVSS:3.1/AV:N/AC:L/PR:N/UI:N/S:U/C:H/I:H/A:H",,"22","0","true",,"twistlock","nvd-status(undergoing analysis)"
"ibm-maas360-apps-gold-android-ws","10.91-REL-20240508.054228","sha256:a49b440222cc64975f21b06d15dc04098cadc4c9821caa46a7506201d169c678","linux:amd64:","Yes","CVE-2020-26137","https://nvd.nist.gov/vuln/detail/CVE-2020-26137 - twistlock","medium","1.24.2","1.25.9","2020-09-30",,"urllib3","python","/usr/lib/python3.6/site-packages/urllib3-1.24.2-py3.6.egg-info","medium - twistlock","6.5 - twistlock","6.5",,,,,"CVSS:3.1/AV:N/AC:L/PR:N/UI:N/S:U/C:L/I:L/A:N",,"22","0","true",,"twistlock","nvd-status(modified)"
"ibm-maas360-apps-gold-android-ws","10.91-REL-20240508.054228","sha256:a49b440222cc64975f21b06d15dc04098cadc4c9821caa46a7506201d169c678","linux:amd64:","Yes","CVE-2021-28168","https://nvd.nist.gov/vuln/detail/CVE-2021-28168 - twistlock","medium","2.31","3.0.2","2021-04-23",,"jersey-common","jar","/opt/tomcat/webapps/android-ws.war/ehcache-2.10.9.2.jar","medium - twistlock","6.2 - twistlock","6.2",,,,,"CVSS:3.1/AV:L/AC:L/PR:L/UI:N/S:U/C:H/I:N/A:N",,"43","11","false",,"twistlock","nvd-status(analyzed)"
"ibm-maas360-apps-gold-android-ws","10.91-REL-20240508.054228","sha256:a49b440222cc64975f21b06d15dc04098cadc4c9821caa46a7506201d169c678","linux:amd64:","Yes","CVE-2021-28169","https://nvd.nist.gov/vuln/detail/CVE-2021-28169 - twistlock","medium","9.4.39.v20210325","11.0.3","2021-06-09",,"jetty-io","jar","/opt/tomcat/webapps/android-ws.war/ehcache-2.10.9.2.jar","medium - twistlock","5.3 - twistlock","5.3",,,,,"CVSS:3.1/AV:N/AC:L/PR:N/UI:N/S:U/C:L/I:N/A:N",,"43","11","false",,"twistlock","nvd-status(analyzed)"
"ibm-maas360-apps-gold-android-ws","10.91-REL-20240508.054228","sha256:a49b440222cc64975f21b06d15dc04098cadc4c9821caa46a7506201d169c678","linux:amd64:","Yes","CVE-2021-28490","https://nvd.nist.gov/vuln/detail/CVE-2021-28490 - twistlock","high","3.0.0","4.0.0","2022-05-24",,"csrfguard","jar","/opt/tomcat/webapps/android-ws.war/csrfguard-3.0.0.jar","high - twistlock","8.8 - twistlock","8.8",,,,,"CVSS:3.1/AV:N/AC:L/PR:N/UI:R/S:U/C:H/I:H/A:H",,"43","11","false",,"twistlock","nvd-status(analyzed)"
"ibm-maas360-apps-gold-android-ws","10.91-REL-20240508.054228","sha256:a49b440222cc64975f21b06d15dc04098cadc4c9821caa46a7506201d169c678","linux:amd64:","No","CVE-2021-31879","https://access.redhat.com/security/cve/CVE-2021-31879 - twistlock","medium","1.19.5-11.el8",,"2021-04-29",,"wget","os",,"medium - twistlock","6.5 - twistlock","6.5",,,,,"CVSS:3.1/AV:N/AC:L/PR:N/UI:R/S:C/C:L/I:L/A:N",,"24","1","true",,"twistlock","nvd-status(analyzed)"
"ibm-maas360-apps-gold-android-ws","10.91-REL-20240508.054228","sha256:a49b440222cc64975f21b06d15dc04098cadc4c9821caa46a7506201d169c678","linux:amd64:","Yes","CVE-2021-34428","https://nvd.nist.gov/vuln/detail/CVE-2021-34428 - twistlock","low","9.4.39.v20210325","11.0.3","2021-06-22",,"jetty-io;jetty-server","jar","/opt/tomcat/webapps/android-ws.war/ehcache-2.10.9.2.jar","low - twistlock","3.5 - twistlock","3.5",,,,,"CVSS:3.1/AV:P/AC:L/PR:N/UI:N/S:U/C:L/I:L/A:N",,"43","11","false",,"twistlock","nvd-status(analyzed)"
"ibm-maas360-apps-gold-android-ws","10.91-REL-20240508.054228","sha256:a49b440222cc64975f21b06d15dc04098cadc4c9821caa46a7506201d169c678","linux:amd64:","Yes","CVE-2021-34429","https://nvd.nist.gov/vuln/detail/CVE-2021-34429 - twistlock","medium","9.4.39.v20210325","11.0.6","2021-07-15",,"jetty-io","jar","/opt/tomcat/webapps/android-ws.war/ehcache-2.10.9.2.jar","medium - twistlock","5.3 - twistlock","5.3",,,,,"CVSS:3.1/AV:N/AC:L/PR:N/UI:N/S:U/C:L/I:N/A:N",,"43","11","false",,"twistlock","exploitdb-ref(50478;unverified);nvd-status(analyzed)"
"ibm-maas360-apps-gold-android-ws","10.91-REL-20240508.054228","sha256:a49b440222cc64975f21b06d15dc04098cadc4c9821caa46a7506201d169c678","linux:amd64:","No","CVE-2021-39537","https://access.redhat.com/security/cve/CVE-2021-39537 - twistlock","low","6.1-10.20180224.el8",,"2021-09-20",,"ncurses-base;ncurses-libs","os",,"low - twistlock","5.5 - twistlock","5.5",,,,,"CVSS:3.1/AV:N/AC:L/PR:N/UI:R/S:U/C:H/I:H/A:H",,"22","0","true",,"twistlock","nvd-status(modified)"
"ibm-maas360-apps-gold-android-ws","10.91-REL-20240508.054228","sha256:a49b440222cc64975f21b06d15dc04098cadc4c9821caa46a7506201d169c678","linux:amd64:","Yes","CVE-2021-40690","https://nvd.nist.gov/vuln/detail/CVE-2021-40690 - twistlock","high","1.5.8","2.2.3","2021-09-19",,"xmlsec","jar","/opt/tomcat/webapps/android-ws.war/xmlsec-1.5.8.jar","high - twistlock","7.5 - twistlock","7.5",,,,,"CVSS:3.1/AV:N/AC:L/PR:N/UI:N/S:U/C:H/I:N/A:N",,"43","11","false",,"twistlock","nvd-status(modified)"
"ibm-maas360-apps-gold-android-ws","10.91-REL-20240508.054228","sha256:a49b440222cc64975f21b06d15dc04098cadc4c9821caa46a7506201d169c678","linux:amd64:","No","CVE-2021-43618","https://access.redhat.com/security/cve/CVE-2021-43618 - twistlock","medium","6.1.2-10.el8",,"2021-11-15",,"gmp","os",,"medium - twistlock","6.2 - twistlock","6.2",,,,,"CVSS:3.1/AV:N/AC:L/PR:N/UI:N/S:U/C:N/I:N/A:H",,"22","0","true",,"twistlock","nvd-status(modified)"
"ibm-maas360-apps-gold-android-ws","10.91-REL-20240508.054228","sha256:a49b440222cc64975f21b06d15dc04098cadc4c9821caa46a7506201d169c678","linux:amd64:","Yes","CVE-2021-46877","https://nvd.nist.gov/vuln/detail/CVE-2021-46877 - twistlock","high","2.11.1","2.13.1","2023-03-18",,"jackson-databind","jar","/opt/tomcat/webapps/android-ws.war/ehcache-2.10.9.2.jar","high - twistlock","7.5 - twistlock","7.5",,,,,"CVSS:3.1/AV:N/AC:L/PR:N/UI:N/S:U/C:N/I:N/A:H",,"43","11","false",,"twistlock","nvd-status(analyzed)"
"ibm-maas360-apps-gold-android-ws","10.91-REL-20240508.054228","sha256:a49b440222cc64975f21b06d15dc04098cadc4c9821caa46a7506201d169c678","linux:amd64:","Yes","CVE-2022-1471","https://nvd.nist.gov/vuln/detail/CVE-2022-1471 - twistlock","critical","1.29","2.0","2022-12-01",,"snakeyaml","jar","/opt/ibm/jmx_prometheus_javaagent-0.16.1.jar","critical - twistlock","9.8 - twistlock","9.8",,,,,"CVSS:3.1/AV:N/AC:L/PR:N/UI:N/S:U/C:H/I:H/A:H",,"27","2","true",,"twistlock","nvd-status(modified)"
"ibm-maas360-apps-gold-android-ws","10.91-REL-20240508.054228","sha256:a49b440222cc64975f21b06d15dc04098cadc4c9821caa46a7506201d169c678","linux:amd64:","Yes","CVE-2022-2047","https://nvd.nist.gov/vuln/detail/CVE-2022-2047 - twistlock","low","9.4.39.v20210325","11.0.10;11.0.13","2022-07-07",,"jetty-http;jetty-io","jar","/opt/tomcat/webapps/android-ws.war/ehcache-2.10.9.2.jar","low - twistlock","2.7 - twistlock","2.7",,,,,"CVSS:3.1/AV:N/AC:L/PR:H/UI:N/S:U/C:N/I:L/A:N",,"43","11","false",,"twistlock","nvd-status(analyzed)"
"ibm-maas360-apps-gold-android-ws","10.91-REL-20240508.054228","sha256:a49b440222cc64975f21b06d15dc04098cadc4c9821caa46a7506201d169c678","linux:amd64:","Yes","CVE-2022-2048","https://nvd.nist.gov/vuln/detail/CVE-2022-2048 - twistlock","high","9.4.39.v20210325","11.0.9","2022-07-07",,"jetty-io","jar","/opt/tomcat/webapps/android-ws.war/ehcache-2.10.9.2.jar","high - twistlock","7.5 - twistlock","7.5",,,,,"CVSS:3.1/AV:N/AC:L/PR:N/UI:N/S:U/C:N/I:N/A:H",,"43","11","false",,"twistlock","nvd-status(analyzed)"
"ibm-maas360-apps-gold-android-ws","10.91-REL-20240508.054228","sha256:a49b440222cc64975f21b06d15dc04098cadc4c9821caa46a7506201d169c678","linux:amd64:","No","CVE-2022-2182","https://access.redhat.com/security/cve/CVE-2022-2182 - twistlock","low","8.0.1763-19.el8_6.4",,"2022-06-23",,"vim-minimal","os",,"low - twistlock","7.8 - twistlock","7.8",,,,,"CVSS:3.1/AV:L/AC:L/PR:N/UI:R/S:U/C:H/I:H/A:H",,"22","0","true",,"twistlock","nvd-status(modified)"
"ibm-maas360-apps-gold-android-ws","10.91-REL-20240508.054228","sha256:a49b440222cc64975f21b06d15dc04098cadc4c9821caa46a7506201d169c678","linux:amd64:","Yes","CVE-2022-25857","https://nvd.nist.gov/vuln/detail/CVE-2022-25857 - twistlock","high","1.29","1.31","2022-08-30",,"snakeyaml","jar","/opt/ibm/jmx_prometheus_javaagent-0.16.1.jar","high - twistlock","7.5 - twistlock","7.5",,,,,"CVSS:3.1/AV:N/AC:L/PR:N/UI:N/S:U/C:N/I:N/A:H",,"27","2","true",,"twistlock","nvd-status(modified)"
"ibm-maas360-apps-gold-android-ws","10.91-REL-20240508.054228","sha256:a49b440222cc64975f21b06d15dc04098cadc4c9821caa46a7506201d169c678","linux:amd64:","No","CVE-2022-2923","https://access.redhat.com/security/cve/CVE-2022-2923 - twistlock","low","8.0.1763-19.el8_6.4",,"2022-08-22",,"vim-minimal","os",,"low - twistlock","5.5 - twistlock","5.5",,,,,"CVSS:3.1/AV:L/AC:L/PR:N/UI:R/S:U/C:N/I:N/A:H",,"22","0","true",,"twistlock","nvd-status(modified)"
"ibm-maas360-apps-gold-android-ws","10.91-REL-20240508.054228","sha256:a49b440222cc64975f21b06d15dc04098cadc4c9821caa46a7506201d169c678","linux:amd64:","Yes","CVE-2022-38749","https://nvd.nist.gov/vuln/detail/CVE-2022-38749 - twistlock","medium","1.29","1.31","2022-09-05",,"snakeyaml","jar","/opt/ibm/jmx_prometheus_javaagent-0.16.1.jar","medium - twistlock","6.5 - twistlock","6.5",,,,,"CVSS:3.1/AV:N/AC:L/PR:L/UI:N/S:U/C:N/I:N/A:H",,"27","2","true",,"twistlock","nvd-status(modified)"
"ibm-maas360-apps-gold-android-ws","10.91-REL-20240508.054228","sha256:a49b440222cc64975f21b06d15dc04098cadc4c9821caa46a7506201d169c678","linux:amd64:","Yes","CVE-2022-38750","https://nvd.nist.gov/vuln/detail/CVE-2022-38750 - twistlock","medium","1.29","1.31","2022-09-05",,"snakeyaml","jar","/opt/ibm/jmx_prometheus_javaagent-0.16.1.jar","medium - twistlock","5.5 - twistlock","5.5",,,,,"CVSS:3.1/AV:L/AC:L/PR:N/UI:R/S:U/C:N/I:N/A:H",,"27","2","true",,"twistlock","nvd-status(modified)"
"ibm-maas360-apps-gold-android-ws","10.91-REL-20240508.054228","sha256:a49b440222cc64975f21b06d15dc04098cadc4c9821caa46a7506201d169c678","linux:amd64:","Yes","CVE-2022-38751","https://nvd.nist.gov/vuln/detail/CVE-2022-38751 - twistlock","medium","1.29","1.31","2022-09-05",,"snakeyaml","jar","/opt/ibm/jmx_prometheus_javaagent-0.16.1.jar","medium - twistlock","6.5 - twistlock","6.5",,,,,"CVSS:3.1/AV:N/AC:L/PR:L/UI:N/S:U/C:N/I:N/A:H",,"27","2","true",,"twistlock","nvd-status(modified)"
"ibm-maas360-apps-gold-android-ws","10.91-REL-20240508.054228","sha256:a49b440222cc64975f21b06d15dc04098cadc4c9821caa46a7506201d169c678","linux:amd64:","Yes","CVE-2022-38752","https://nvd.nist.gov/vuln/detail/CVE-2022-38752 - twistlock","medium","1.29","1.32","2022-09-05",,"snakeyaml","jar","/opt/ibm/jmx_prometheus_javaagent-0.16.1.jar","medium - twistlock","6.5 - twistlock","6.5",,,,,"CVSS:3.1/AV:N/AC:L/PR:L/UI:N/S:U/C:N/I:N/A:H",,"27","2","true",,"twistlock","nvd-status(modified)"
"ibm-maas360-apps-gold-android-ws","10.91-REL-20240508.054228","sha256:a49b440222cc64975f21b06d15dc04098cadc4c9821caa46a7506201d169c678","linux:amd64:","Yes","CVE-2022-40897","https://access.redhat.com/errata/RHSA-2023:7395 - twistlock;https://nvd.nist.gov/vuln/detail/CVE-2022-40897 - twistlock","medium","39.2.0-7.el8;39.2.0","39.2.0-7.el8_6;65.5.1","2022-12-23",,"platform-python-setuptools;python3-setuptools-wheel;setuptools","os;python","/usr/lib/python3.6/site-packages/setuptools-39.2.0.dist-info","medium - twistlock","5.9 - twistlock","5.9",,,,,"CVSS:3.1/AV:N/AC:H/PR:N/UI:N/S:U/C:N/I:N/A:H",,"22","0","true",,"twistlock","nvd-status(modified)"
"ibm-maas360-apps-gold-android-ws","10.91-REL-20240508.054228","sha256:a49b440222cc64975f21b06d15dc04098cadc4c9821caa46a7506201d169c678","linux:amd64:","Yes","CVE-2022-41854","https://nvd.nist.gov/vuln/detail/CVE-2022-41854 - twistlock","medium","1.29","1.32","2022-11-11",,"snakeyaml","jar","/opt/ibm/jmx_prometheus_javaagent-0.16.1.jar","medium - twistlock","6.5 - twistlock","6.5",,,,,"CVSS:3.1/AV:N/AC:L/PR:N/UI:R/S:U/C:N/I:N/A:H",,"27","2","true",,"twistlock","nvd-status(modified)"
"ibm-maas360-apps-gold-android-ws","10.91-REL-20240508.054228","sha256:a49b440222cc64975f21b06d15dc04098cadc4c9821caa46a7506201d169c678","linux:amd64:","Yes","CVE-2022-42003","https://nvd.nist.gov/vuln/detail/CVE-2022-42003 - twistlock","high","2.11.1","2.13.4.1","2022-10-02",,"jackson-databind","jar","/opt/tomcat/webapps/android-ws.war/ehcache-2.10.9.2.jar","high - twistlock","7.5 - twistlock","7.5",,,,,"CVSS:3.1/AV:N/AC:L/PR:N/UI:N/S:U/C:N/I:N/A:H",,"43","11","false",,"twistlock","nvd-status(modified)"
"ibm-maas360-apps-gold-android-ws","10.91-REL-20240508.054228","sha256:a49b440222cc64975f21b06d15dc04098cadc4c9821caa46a7506201d169c678","linux:amd64:","Yes","CVE-2022-42004","https://nvd.nist.gov/vuln/detail/CVE-2022-42004 - twistlock","high","2.11.1","2.13.4","2022-10-02",,"jackson-databind","jar","/opt/tomcat/webapps/android-ws.war/ehcache-2.10.9.2.jar","high - twistlock","7.5 - twistlock","7.5",,,,,"CVSS:3.1/AV:N/AC:L/PR:N/UI:N/S:U/C:N/I:N/A:H",,"43","11","false",,"twistlock","nvd-status(analyzed)"
"ibm-maas360-apps-gold-android-ws","10.91-REL-20240508.054228","sha256:a49b440222cc64975f21b06d15dc04098cadc4c9821caa46a7506201d169c678","linux:amd64:","Yes","CVE-2022-45688","https://nvd.nist.gov/vuln/detail/CVE-2022-45688 - twistlock","high","20160212","20230227","2022-12-13",,"json","jar","/opt/tomcat/webapps/android-ws.war/json-20160212.jar","high - twistlock","7.5 - twistlock","7.5",,,,,"CVSS:3.1/AV:N/AC:L/PR:N/UI:N/S:U/C:N/I:N/A:H",,"43","11","false",,"twistlock","nvd-status(analyzed)"
"ibm-maas360-apps-gold-android-ws","10.91-REL-20240508.054228","sha256:a49b440222cc64975f21b06d15dc04098cadc4c9821caa46a7506201d169c678","linux:amd64:","No","CVE-2022-47007","https://access.redhat.com/security/cve/CVE-2022-47007 - twistlock","low","8.2-20.el8",,"2023-08-22",,"gdb-gdbserver","os",,"low - twistlock","5.5 - twistlock","5.5",,,,,"CVSS:3.1/AV:L/AC:L/PR:N/UI:R/S:U/C:N/I:N/A:H",,"22","0","true",,"twistlock","nvd-status(analyzed)"
"ibm-maas360-apps-gold-android-ws","10.91-REL-20240508.054228","sha256:a49b440222cc64975f21b06d15dc04098cadc4c9821caa46a7506201d169c678","linux:amd64:","No","CVE-2022-47010","https://access.redhat.com/security/cve/CVE-2022-47010 - twistlock","low","8.2-20.el8",,"2023-08-22",,"gdb-gdbserver","os",,"low - twistlock","5.5 - twistlock","5.5",,,,,"CVSS:3.1/AV:L/AC:L/PR:N/UI:R/S:U/C:N/I:N/A:H",,"22","0","true",,"twistlock","nvd-status(analyzed)"
"ibm-maas360-apps-gold-android-ws","10.91-REL-20240508.054228","sha256:a49b440222cc64975f21b06d15dc04098cadc4c9821caa46a7506201d169c678","linux:amd64:","No","CVE-2022-47011","https://access.redhat.com/security/cve/CVE-2022-47011 - twistlock","low","8.2-20.el8",,"2023-08-22",,"gdb-gdbserver","os",,"low - twistlock","5.5 - twistlock","5.5",,,,,"CVSS:3.1/AV:L/AC:L/PR:N/UI:R/S:U/C:N/I:N/A:H",,"22","0","true",,"twistlock","nvd-status(analyzed)"
"ibm-maas360-apps-gold-android-ws","10.91-REL-20240508.054228","sha256:a49b440222cc64975f21b06d15dc04098cadc4c9821caa46a7506201d169c678","linux:amd64:","Yes","CVE-2022-48468","https://access.redhat.com/errata/RHSA-2024:0406 - twistlock","medium","1.3.0-8.el8","1.3.0-8.el8_6","2023-04-13",,"protobuf-c","os",,"medium - twistlock","6.2 - twistlock","6.2",,,,,"CVSS:3.1/AV:L/AC:L/PR:L/UI:N/S:U/C:N/I:N/A:H",,"24","1","true",,"twistlock","nvd-status(awaiting analysis)"
"ibm-maas360-apps-gold-android-ws","10.91-REL-20240508.054228","sha256:a49b440222cc64975f21b06d15dc04098cadc4c9821caa46a7506201d169c678","linux:amd64:","Yes","CVE-2023-0833","https://nvd.nist.gov/vuln/detail/CVE-2023-0833 - twistlock","medium","3.12.0","4.9.2","2023-09-27",,"okhttp","jar","/opt/tomcat/webapps/android-ws.war/okhttp-3.12.0.jar","medium - twistlock","5.5 - twistlock","5.5",,,,,"CVSS:3.1/AV:L/AC:L/PR:L/UI:N/S:U/C:H/I:N/A:N",,"43","11","false",,"twistlock","nvd-status(analyzed)"
"ibm-maas360-apps-gold-android-ws","10.91-REL-20240508.054228","sha256:a49b440222cc64975f21b06d15dc04098cadc4c9821caa46a7506201d169c678","linux:amd64:","Yes","CVE-2023-21930","https://nvd.nist.gov/vuln/detail/CVE-2023-21930 - twistlock","high","1.8.0_391","17.0.7","2023-04-18",,"java","app","/opt/ibm/java/jre/bin/java","high - twistlock","7.4 - twistlock","7.4",,,,,"CVSS:3.1/AV:N/AC:H/PR:N/UI:N/S:U/C:H/I:H/A:N",,"27","2","true",,"twistlock","nvd-status(undergoing analysis)"
"ibm-maas360-apps-gold-android-ws","10.91-REL-20240508.054228","sha256:a49b440222cc64975f21b06d15dc04098cadc4c9821caa46a7506201d169c678","linux:amd64:","Yes","CVE-2023-21937","https://nvd.nist.gov/vuln/detail/CVE-2023-21937 - twistlock","low","1.8.0_391","17.0.7","2023-04-18",,"java","app","/opt/ibm/java/jre/bin/java","low - twistlock","3.7 - twistlock","3.7",,,,,"CVSS:3.1/AV:N/AC:H/PR:N/UI:N/S:U/C:N/I:L/A:N",,"27","2","true",,"twistlock","nvd-status(undergoing analysis)"
"ibm-maas360-apps-gold-android-ws","10.91-REL-20240508.054228","sha256:a49b440222cc64975f21b06d15dc04098cadc4c9821caa46a7506201d169c678","linux:amd64:","Yes","CVE-2023-21938","https://nvd.nist.gov/vuln/detail/CVE-2023-21938 - twistlock","low","1.8.0_391","17.0.7","2023-04-18",,"java","app","/opt/ibm/java/jre/bin/java","low - twistlock","3.7 - twistlock","3.7",,,,,"CVSS:3.1/AV:N/AC:H/PR:N/UI:N/S:U/C:N/I:L/A:N",,"27","2","true",,"twistlock","nvd-status(undergoing analysis)"
"ibm-maas360-apps-gold-android-ws","10.91-REL-20240508.054228","sha256:a49b440222cc64975f21b06d15dc04098cadc4c9821caa46a7506201d169c678","linux:amd64:","Yes","CVE-2023-21939","https://nvd.nist.gov/vuln/detail/CVE-2023-21939 - twistlock","medium","1.8.0_391","17.0.7","2023-04-18",,"java","app","/opt/ibm/java/jre/bin/java","medium - twistlock","5.3 - twistlock","5.3",,,,,"CVSS:3.1/AV:N/AC:L/PR:N/UI:N/S:U/C:N/I:L/A:N",,"27","2","true",,"twistlock","nvd-status(undergoing analysis)"
"ibm-maas360-apps-gold-android-ws","10.91-REL-20240508.054228","sha256:a49b440222cc64975f21b06d15dc04098cadc4c9821caa46a7506201d169c678","linux:amd64:","Yes","CVE-2023-21954","https://nvd.nist.gov/vuln/detail/CVE-2023-21954 - twistlock","medium","1.8.0_391","17.0.7","2023-04-18",,"java","app","/opt/ibm/java/jre/bin/java","medium - twistlock","5.9 - twistlock","5.9",,,,,"CVSS:3.1/AV:N/AC:H/PR:N/UI:N/S:U/C:H/I:N/A:N",,"27","2","true",,"twistlock","nvd-status(undergoing analysis)"
"ibm-maas360-apps-gold-android-ws","10.91-REL-20240508.054228","sha256:a49b440222cc64975f21b06d15dc04098cadc4c9821caa46a7506201d169c678","linux:amd64:","Yes","CVE-2023-21967","https://nvd.nist.gov/vuln/detail/CVE-2023-21967 - twistlock","medium","1.8.0_391","17.0.7","2023-04-18",,"java","app","/opt/ibm/java/jre/bin/java","medium - twistlock","5.9 - twistlock","5.9",,,,,"CVSS:3.1/AV:N/AC:H/PR:N/UI:N/S:U/C:N/I:N/A:H",,"27","2","true",,"twistlock","nvd-status(undergoing analysis)"
"ibm-maas360-apps-gold-android-ws","10.91-REL-20240508.054228","sha256:a49b440222cc64975f21b06d15dc04098cadc4c9821caa46a7506201d169c678","linux:amd64:","No","CVE-2023-24056","https://access.redhat.com/security/cve/CVE-2023-24056 - twistlock","low","1.4.2-1.el8",,"2023-01-22",,"libpkgconf;pkgconf;pkgconf-m4;pkgconf-pkg-config","os",,"low - twistlock","5.5 - twistlock","5.5",,,,,"CVSS:3.1/AV:L/AC:L/PR:N/UI:R/S:U/C:N/I:N/A:H",,"37","7","true",,"twistlock","nvd-status(analyzed)"
"ibm-maas360-apps-gold-android-ws","10.91-REL-20240508.054228","sha256:a49b440222cc64975f21b06d15dc04098cadc4c9821caa46a7506201d169c678","linux:amd64:","Yes","CVE-2023-26048","https://nvd.nist.gov/vuln/detail/CVE-2023-26048 - twistlock","medium","9.4.39.v20210325","11.0.14","2023-04-18",,"jetty-io;jetty-server","jar","/opt/tomcat/webapps/android-ws.war/ehcache-2.10.9.2.jar","medium - twistlock","5.3 - twistlock","5.3",,,,,"CVSS:3.1/AV:N/AC:L/PR:N/UI:N/S:U/C:N/I:N/A:L",,"43","11","false",,"twistlock","nvd-status(awaiting analysis)"
"ibm-maas360-apps-gold-android-ws","10.91-REL-20240508.054228","sha256:a49b440222cc64975f21b06d15dc04098cadc4c9821caa46a7506201d169c678","linux:amd64:","Yes","CVE-2023-26049","https://nvd.nist.gov/vuln/detail/CVE-2023-26049 - twistlock","medium","9.4.39.v20210325","12.0.0.beta0;11.0.14","2023-04-18",,"jetty-server;jetty-io","jar","/opt/tomcat/webapps/android-ws.war/ehcache-2.10.9.2.jar","low - twistlock;medium - twistlock","2.4 - twistlock;5.3 - twistlock","5.3",,,,,"CVSS:3.1/AV:N/AC:L/PR:N/UI:N/S:U/C:L/I:N/A:N",,"43","11","false",,"twistlock","nvd-status(awaiting analysis)"
"ibm-maas360-apps-gold-android-ws","10.91-REL-20240508.054228","sha256:a49b440222cc64975f21b06d15dc04098cadc4c9821caa46a7506201d169c678","linux:amd64:","Yes","CVE-2023-28322","https://access.redhat.com/errata/RHSA-2024:1601 - twistlock","low","7.61.1-33.el8","7.61.1-33.el8_9.5","2023-05-26",,"curl;libcurl","os",,"low - twistlock","3.7 - twistlock","3.7",,,,,"CVSS:3.1/AV:N/AC:H/PR:N/UI:N/S:U/C:L/I:N/A:N",,"22","0","true",,"twistlock","nvd-status(undergoing analysis)"
"ibm-maas360-apps-gold-android-ws","10.91-REL-20240508.054228","sha256:a49b440222cc64975f21b06d15dc04098cadc4c9821caa46a7506201d169c678","linux:amd64:","No","CVE-2023-29499","https://access.redhat.com/security/cve/CVE-2023-29499 - twistlock","low","2.56.4-161.el8",,"2023-09-14",,"glib2","os",,"low - twistlock","6.2 - twistlock","6.2",,,,,"CVSS:3.1/AV:N/AC:L/PR:N/UI:N/S:U/C:N/I:N/A:H",,"22","0","true",,"twistlock","nvd-status(awaiting analysis)"
"ibm-maas360-apps-gold-android-ws","10.91-REL-20240508.054228","sha256:a49b440222cc64975f21b06d15dc04098cadc4c9821caa46a7506201d169c678","linux:amd64:","No","CVE-2023-2953","https://access.redhat.com/security/cve/CVE-2023-2953 - twistlock","low","2.4.46-18.el8",,"2023-05-30",,"openldap","os",,"low - twistlock","7.1 - twistlock","7.1",,,,,"CVSS:3.1/AV:N/AC:L/PR:N/UI:N/S:U/C:N/I:N/A:H",,"22","0","true",,"twistlock","nvd-status(awaiting analysis)"
"ibm-maas360-apps-gold-android-ws","10.91-REL-20240508.054228","sha256:a49b440222cc64975f21b06d15dc04098cadc4c9821caa46a7506201d169c678","linux:amd64:","No","CVE-2023-32611","https://access.redhat.com/security/cve/CVE-2023-32611 - twistlock","low","2.56.4-161.el8",,"2023-09-14",,"glib2","os",,"low - twistlock","6.5 - twistlock","6.5",,,,,"CVSS:3.1/AV:L/AC:L/PR:N/UI:R/S:U/C:N/I:N/A:H",,"22","0","true",,"twistlock","nvd-status(awaiting analysis)"
"ibm-maas360-apps-gold-android-ws","10.91-REL-20240508.054228","sha256:a49b440222cc64975f21b06d15dc04098cadc4c9821caa46a7506201d169c678","linux:amd64:","No","CVE-2023-32665","https://access.redhat.com/security/cve/CVE-2023-32665 - twistlock","low","2.56.4-161.el8",,"2023-09-14",,"glib2","os",,"low - twistlock","6.5 - twistlock","6.5",,,,,"CVSS:3.1/AV:L/AC:L/PR:N/UI:R/S:U/C:N/I:N/A:H",,"22","0","true",,"twistlock","nvd-status(awaiting analysis)"
"ibm-maas360-apps-gold-android-ws","10.91-REL-20240508.054228","sha256:a49b440222cc64975f21b06d15dc04098cadc4c9821caa46a7506201d169c678","linux:amd64:","Yes","CVE-2023-32681","https://nvd.nist.gov/vuln/detail/CVE-2023-32681 - twistlock","medium","2.20.0","2.31.0","2023-05-26",,"requests","python","/usr/lib/python3.6/site-packages/requests-2.20.0-py3.6.egg-info","medium - twistlock","6.1 - twistlock","6.1",,,,,"CVSS:3.1/AV:N/AC:H/PR:N/UI:R/S:C/C:H/I:N/A:N",,"22","0","true",,"twistlock","nvd-status(awaiting analysis)"
"ibm-maas360-apps-gold-android-ws","10.91-REL-20240508.054228","sha256:a49b440222cc64975f21b06d15dc04098cadc4c9821caa46a7506201d169c678","linux:amd64:","Yes","CVE-2023-34040","https://nvd.nist.gov/vuln/detail/CVE-2023-34040 - twistlock","high","2.8.11","3.0.10","2023-08-24",,"spring-kafka","jar","/opt/tomcat/webapps/android-ws.war/spring-kafka-2.8.11.jar","high - twistlock","7.8 - twistlock","7.8",,,,,"CVSS:3.1/AV:L/AC:L/PR:L/UI:N/S:U/C:H/I:H/A:H",,"43","11","false",,"twistlock","nvd-status(analyzed)"
"ibm-maas360-apps-gold-android-ws","10.91-REL-20240508.054228","sha256:a49b440222cc64975f21b06d15dc04098cadc4c9821caa46a7506201d169c678","linux:amd64:","Yes","CVE-2023-3635","https://nvd.nist.gov/vuln/detail/CVE-2023-3635 - twistlock","medium","1.15.0","3.4.0","2023-07-12",,"okio","jar","/opt/tomcat/webapps/android-ws.war/okio-1.15.0.jar","medium - twistlock","5.9 - twistlock","5.9",,,,,"CVSS:3.1/AV:N/AC:L/PR:N/UI:N/S:U/C:N/I:N/A:H",,"43","11","false",,"twistlock","nvd-status(awaiting analysis)"
"ibm-maas360-apps-gold-android-ws","10.91-REL-20240508.054228","sha256:a49b440222cc64975f21b06d15dc04098cadc4c9821caa46a7506201d169c678","linux:amd64:","Yes","CVE-2023-36478","https://nvd.nist.gov/vuln/detail/CVE-2023-36478 - twistlock","high","9.4.39.v20210325","11.0.16","2023-10-10",,"jetty-io","jar","/opt/tomcat/webapps/android-ws.war/ehcache-2.10.9.2.jar","high - twistlock","7.5 - twistlock","7.5",,,,,"CVSS:3.1/AV:N/AC:L/PR:N/UI:N/S:U/C:N/I:N/A:H",,"43","11","false",,"twistlock","nvd-status(awaiting analysis)"
"ibm-maas360-apps-gold-android-ws","10.91-REL-20240508.054228","sha256:a49b440222cc64975f21b06d15dc04098cadc4c9821caa46a7506201d169c678","linux:amd64:","Yes","CVE-2023-36479","https://nvd.nist.gov/vuln/detail/CVE-2023-36479 - twistlock","medium","9.4.39.v20210325","11.0.16","2023-09-15",,"jetty-io","jar","/opt/tomcat/webapps/android-ws.war/ehcache-2.10.9.2.jar","medium - twistlock","4.3 - twistlock","4.3",,,,,"CVSS:3.1/AV:N/AC:L/PR:L/UI:N/S:U/C:N/I:L/A:N",,"43","11","false",,"twistlock","nvd-status(analyzed)"
"ibm-maas360-apps-gold-android-ws","10.91-REL-20240508.054228","sha256:a49b440222cc64975f21b06d15dc04098cadc4c9821caa46a7506201d169c678","linux:amd64:","No","CVE-2023-37920","https://access.redhat.com/security/cve/CVE-2023-37920 - twistlock","low","2023.2.60_v7.0.306-80.0.el8_8",,"2023-07-25",,"ca-certificates","os",,"low - twistlock","9.1 - twistlock","9.1",,,,,"CVSS:3.1/AV:N/AC:L/PR:N/UI:N/S:U/C:H/I:H/A:H",,"24","1","true",,"twistlock","nvd-status(awaiting analysis)"
"ibm-maas360-apps-gold-android-ws","10.91-REL-20240508.054228","sha256:a49b440222cc64975f21b06d15dc04098cadc4c9821caa46a7506201d169c678","linux:amd64:","Yes","CVE-2023-38546","https://access.redhat.com/errata/RHSA-2024:1601 - twistlock","low","7.61.1-33.el8","7.61.1-33.el8_9.5","2023-10-18",,"curl;libcurl","os",,"low - twistlock","3.7 - twistlock","3.7",,,,,"CVSS:3.1/AV:N/AC:H/PR:N/UI:N/S:U/C:N/I:L/A:N",,"22","0","true",,"twistlock","nvd-status(awaiting analysis)"
"ibm-maas360-apps-gold-android-ws","10.91-REL-20240508.054228","sha256:a49b440222cc64975f21b06d15dc04098cadc4c9821caa46a7506201d169c678","linux:amd64:","Yes","CVE-2023-40167","https://nvd.nist.gov/vuln/detail/CVE-2023-40167 - twistlock","medium","9.4.39.v20210325","12.0.1","2023-09-15",,"jetty-http;jetty-io","jar","/opt/tomcat/webapps/android-ws.war/ehcache-2.10.9.2.jar","medium - twistlock","5.3 - twistlock","5.3",,,,,"CVSS:3.1/AV:N/AC:L/PR:N/UI:N/S:U/C:N/I:L/A:N",,"43","11","false",,"twistlock","nvd-status(analyzed)"
"ibm-maas360-apps-gold-android-ws","10.91-REL-20240508.054228","sha256:a49b440222cc64975f21b06d15dc04098cadc4c9821caa46a7506201d169c678","linux:amd64:","Yes","CVE-2023-41900","https://nvd.nist.gov/vuln/detail/CVE-2023-41900 - twistlock","medium","9.4.39.v20210325","11.0.16","2023-09-15",,"jetty-io","jar","/opt/tomcat/webapps/android-ws.war/ehcache-2.10.9.2.jar","medium - twistlock","4.3 - twistlock","4.3",,,,,"CVSS:3.1/AV:N/AC:L/PR:L/UI:N/S:U/C:L/I:N/A:N",,"43","11","false",,"twistlock","nvd-status(analyzed)"
"ibm-maas360-apps-gold-android-ws","10.91-REL-20240508.054228","sha256:a49b440222cc64975f21b06d15dc04098cadc4c9821caa46a7506201d169c678","linux:amd64:","Yes","CVE-2023-43804","https://access.redhat.com/security/cve/CVE-2023-43804 - twistlock;https://nvd.nist.gov/vuln/detail/CVE-2023-43804 - twistlock","high","9.0.3-23.el8;1.24.2","2.0.6","2023-10-04",,"python3-pip-wheel;urllib3","os;python","/usr/lib/python3.6/site-packages/urllib3-1.24.2-py3.6.egg-info","medium - twistlock;high - twistlock","5.9 - twistlock;8.1 - twistlock","8.1",,,,,"CVSS:3.1/AV:N/AC:L/PR:L/UI:N/S:U/C:H/I:H/A:N",,"22","0","true",,"twistlock","nvd-status(undergoing analysis)"
"ibm-maas360-apps-gold-android-ws","10.91-REL-20240508.054228","sha256:a49b440222cc64975f21b06d15dc04098cadc4c9821caa46a7506201d169c678","linux:amd64:","Yes","CVE-2023-4408","https://access.redhat.com/errata/RHSA-2024:1782 - twistlock","high","9.11.36-11.el8_9","9.11.36-11.el8_9.1","2024-02-13",,"bind-libs;bind-libs-lite;bind-license;bind-utils;python3-bind","os",,"high - twistlock","7.5 - twistlock","7.5",,,,,"CVSS:3.1/AV:N/AC:L/PR:N/UI:N/S:U/C:N/I:N/A:H",,"24","1","true",,"twistlock","nvd-status(awaiting analysis)"
"ibm-maas360-apps-gold-android-ws","10.91-REL-20240508.054228","sha256:a49b440222cc64975f21b06d15dc04098cadc4c9821caa46a7506201d169c678","linux:amd64:","Yes","CVE-2023-44483","https://nvd.nist.gov/vuln/detail/CVE-2023-44483 - twistlock","medium","1.5.8","3.0.3","2023-10-20",,"xmlsec","jar","/opt/tomcat/webapps/android-ws.war/xmlsec-1.5.8.jar","medium - twistlock","6.5 - twistlock","6.5",,,,,"CVSS:3.1/AV:N/AC:L/PR:L/UI:N/S:U/C:H/I:N/A:N",,"43","11","false",,"twistlock","nvd-status(awaiting analysis)"
"ibm-maas360-apps-gold-android-ws","10.91-REL-20240508.054228","sha256:a49b440222cc64975f21b06d15dc04098cadc4c9821caa46a7506201d169c678","linux:amd64:","Yes","CVE-2023-44487","https://nvd.nist.gov/vuln/detail/CVE-2023-44487 - twistlock","high","9.4.39.v20210325","12.0.2","2023-10-10",,"jetty-io","jar","/opt/tomcat/webapps/android-ws.war/ehcache-2.10.9.2.jar","high - twistlock","7.5 - twistlock","7.5",,,,,"CVSS:3.1/AV:N/AC:L/PR:N/UI:N/S:U/C:N/I:N/A:H",,"43","11","false",,"twistlock","cisa-kev;nvd-status(awaiting analysis)"
"ibm-maas360-apps-gold-android-ws","10.91-REL-20240508.054228","sha256:a49b440222cc64975f21b06d15dc04098cadc4c9821caa46a7506201d169c678","linux:amd64:","Yes","CVE-2023-45803","https://nvd.nist.gov/vuln/detail/CVE-2023-45803 - twistlock","medium","1.24.2","2.0.7","2023-10-17",,"urllib3","python","/usr/lib/python3.6/site-packages/urllib3-1.24.2-py3.6.egg-info","medium - twistlock","4.2 - twistlock","4.2",,,,,"CVSS:3.1/AV:A/AC:H/PR:H/UI:N/S:U/C:H/I:N/A:N",,"22","0","true",,"twistlock","nvd-status(undergoing analysis)"
"ibm-maas360-apps-gold-android-ws","10.91-REL-20240508.054228","sha256:a49b440222cc64975f21b06d15dc04098cadc4c9821caa46a7506201d169c678","linux:amd64:","Yes","CVE-2023-46218","https://access.redhat.com/errata/RHSA-2024:1601 - twistlock","medium","7.61.1-33.el8","7.61.1-33.el8_9.5","2023-12-07",,"curl;libcurl","os",,"medium - twistlock","5.3 - twistlock","5.3",,,,,"CVSS:3.1/AV:N/AC:L/PR:N/UI:N/S:U/C:L/I:L/A:N",,"22","0","true",,"twistlock","nvd-status(undergoing analysis)"
"ibm-maas360-apps-gold-android-ws","10.91-REL-20240508.054228","sha256:a49b440222cc64975f21b06d15dc04098cadc4c9821caa46a7506201d169c678","linux:amd64:","No","CVE-2023-4733","https://access.redhat.com/security/cve/CVE-2023-4733 - twistlock","low","8.0.1763-19.el8_6.4",,"2023-09-04",,"vim-minimal","os",,"low - twistlock","7 - twistlock","7",,,,,"CVSS:3.1/AV:L/AC:L/PR:N/UI:R/S:U/C:H/I:H/A:H",,"22","0","true",,"twistlock","nvd-status(awaiting analysis)"
"ibm-maas360-apps-gold-android-ws","10.91-REL-20240508.054228","sha256:a49b440222cc64975f21b06d15dc04098cadc4c9821caa46a7506201d169c678","linux:amd64:","No","CVE-2023-4750","https://access.redhat.com/security/cve/CVE-2023-4750 - twistlock","low","8.0.1763-19.el8_6.4",,"2023-09-04",,"vim-minimal","os",,"low - twistlock","7 - twistlock","7",,,,,"CVSS:3.1/AV:L/AC:L/PR:N/UI:R/S:U/C:H/I:H/A:H",,"22","0","true",,"twistlock","nvd-status(awaiting analysis)"
"ibm-maas360-apps-gold-android-ws","10.91-REL-20240508.054228","sha256:a49b440222cc64975f21b06d15dc04098cadc4c9821caa46a7506201d169c678","linux:amd64:","No","CVE-2023-48231","https://access.redhat.com/security/cve/CVE-2023-48231 - twistlock","low","8.0.1763-19.el8_6.4",,"2023-11-16",,"vim-minimal","os",,"low - twistlock","4.3 - twistlock","4.3",,,,,"CVSS:3.1/AV:N/AC:L/PR:N/UI:R/S:U/C:N/I:N/A:L",,"22","0","true",,"twistlock","nvd-status(awaiting analysis)"
"ibm-maas360-apps-gold-android-ws","10.91-REL-20240508.054228","sha256:a49b440222cc64975f21b06d15dc04098cadc4c9821caa46a7506201d169c678","linux:amd64:","No","CVE-2023-48232","https://access.redhat.com/security/cve/CVE-2023-48232 - twistlock","low","8.0.1763-19.el8_6.4",,"2023-11-16",,"vim-minimal","os",,"low - twistlock","4.3 - twistlock","4.3",,,,,"CVSS:3.1/AV:N/AC:L/PR:N/UI:R/S:U/C:N/I:N/A:L",,"22","0","true",,"twistlock","nvd-status(awaiting analysis)"
"ibm-maas360-apps-gold-android-ws","10.91-REL-20240508.054228","sha256:a49b440222cc64975f21b06d15dc04098cadc4c9821caa46a7506201d169c678","linux:amd64:","No","CVE-2023-48233","https://access.redhat.com/security/cve/CVE-2023-48233 - twistlock","low","8.0.1763-19.el8_6.4",,"2023-11-16",,"vim-minimal","os",,"low - twistlock","4.3 - twistlock","4.3",,,,,"CVSS:3.1/AV:N/AC:L/PR:N/UI:R/S:U/C:N/I:N/A:L",,"22","0","true",,"twistlock","nvd-status(awaiting analysis)"
"ibm-maas360-apps-gold-android-ws","10.91-REL-20240508.054228","sha256:a49b440222cc64975f21b06d15dc04098cadc4c9821caa46a7506201d169c678","linux:amd64:","No","CVE-2023-48234","https://access.redhat.com/security/cve/CVE-2023-48234 - twistlock","low","8.0.1763-19.el8_6.4",,"2023-11-16",,"vim-minimal","os",,"low - twistlock","4.3 - twistlock","4.3",,,,,"CVSS:3.1/AV:N/AC:L/PR:N/UI:R/S:U/C:N/I:N/A:L",,"22","0","true",,"twistlock","nvd-status(awaiting analysis)"
"ibm-maas360-apps-gold-android-ws","10.91-REL-20240508.054228","sha256:a49b440222cc64975f21b06d15dc04098cadc4c9821caa46a7506201d169c678","linux:amd64:","No","CVE-2023-48235","https://access.redhat.com/security/cve/CVE-2023-48235 - twistlock","low","8.0.1763-19.el8_6.4",,"2023-11-16",,"vim-minimal","os",,"low - twistlock","4.3 - twistlock","4.3",,,,,"CVSS:3.1/AV:N/AC:L/PR:N/UI:R/S:U/C:N/I:N/A:L",,"22","0","true",,"twistlock","nvd-status(awaiting analysis)"
"ibm-maas360-apps-gold-android-ws","10.91-REL-20240508.054228","sha256:a49b440222cc64975f21b06d15dc04098cadc4c9821caa46a7506201d169c678","linux:amd64:","No","CVE-2023-48236","https://access.redhat.com/security/cve/CVE-2023-48236 - twistlock","low","8.0.1763-19.el8_6.4",,"2023-11-16",,"vim-minimal","os",,"low - twistlock","4.3 - twistlock","4.3",,,,,"CVSS:3.1/AV:N/AC:L/PR:N/UI:R/S:U/C:N/I:N/A:L",,"22","0","true",,"twistlock","nvd-status(awaiting analysis)"
"ibm-maas360-apps-gold-android-ws","10.91-REL-20240508.054228","sha256:a49b440222cc64975f21b06d15dc04098cadc4c9821caa46a7506201d169c678","linux:amd64:","No","CVE-2023-48237","https://access.redhat.com/security/cve/CVE-2023-48237 - twistlock","low","8.0.1763-19.el8_6.4",,"2023-11-16",,"vim-minimal","os",,"low - twistlock","4.3 - twistlock","4.3",,,,,"CVSS:3.1/AV:N/AC:L/PR:N/UI:R/S:U/C:N/I:N/A:L",,"22","0","true",,"twistlock","nvd-status(awaiting analysis)"
"ibm-maas360-apps-gold-android-ws","10.91-REL-20240508.054228","sha256:a49b440222cc64975f21b06d15dc04098cadc4c9821caa46a7506201d169c678","linux:amd64:","No","CVE-2023-48706","https://access.redhat.com/security/cve/CVE-2023-48706 - twistlock","low","8.0.1763-19.el8_6.4",,"2023-11-22",,"vim-minimal","os",,"low - twistlock","4.7 - twistlock","4.7",,,,,"CVSS:3.1/AV:L/AC:H/PR:N/UI:R/S:U/C:N/I:N/A:H",,"22","0","true",,"twistlock","nvd-status(awaiting analysis)"
"ibm-maas360-apps-gold-android-ws","10.91-REL-20240508.054228","sha256:a49b440222cc64975f21b06d15dc04098cadc4c9821caa46a7506201d169c678","linux:amd64:","Yes","CVE-2023-50387","https://access.redhat.com/errata/RHSA-2024:1782 - twistlock","high","9.11.36-11.el8_9","9.11.36-11.el8_9.1","2024-02-14",,"bind-libs;bind-libs-lite;bind-license;bind-utils;python3-bind","os",,"high - twistlock","7.5 - twistlock","7.5",,,,,"CVSS:3.1/AV:N/AC:L/PR:N/UI:N/S:U/C:N/I:N/A:H",,"24","1","true",,"twistlock","nvd-status(modified)"
"ibm-maas360-apps-gold-android-ws","10.91-REL-20240508.054228","sha256:a49b440222cc64975f21b06d15dc04098cadc4c9821caa46a7506201d169c678","linux:amd64:","Yes","CVE-2023-5072","https://nvd.nist.gov/vuln/detail/CVE-2023-5072 - twistlock","high","20160212","20231013","2023-11-14",,"json","jar","/opt/tomcat/webapps/android-ws.war/json-20160212.jar","high - twistlock","7.5 - twistlock","7.5",,,,,"CVSS:3.1/AV:N/AC:L/PR:N/UI:N/S:U/C:N/I:N/A:H",,"43","11","false",,"twistlock","nvd-status(awaiting analysis)"
"ibm-maas360-apps-gold-android-ws","10.91-REL-20240508.054228","sha256:a49b440222cc64975f21b06d15dc04098cadc4c9821caa46a7506201d169c678","linux:amd64:","Yes","CVE-2023-50868","https://access.redhat.com/errata/RHSA-2024:1782 - twistlock","high","9.11.36-11.el8_9","9.11.36-11.el8_9.1","2024-02-14",,"bind-libs;bind-libs-lite;bind-license;bind-utils;python3-bind","os",,"high - twistlock","7.5 - twistlock","7.5",,,,,,,"24","1","true",,"twistlock","nvd-status(awaiting analysis)"
"ibm-maas360-apps-gold-android-ws","10.91-REL-20240508.054228","sha256:a49b440222cc64975f21b06d15dc04098cadc4c9821caa46a7506201d169c678","linux:amd64:","Yes","CVE-2023-52425","https://access.redhat.com/errata/RHSA-2024:2575 - twistlock","medium","2.2.5-11.el8","2.2.5-11.el8_9.1","2024-02-04",,"expat","os",,"medium - twistlock","7.5 - twistlock","7.5",,,,,"CVSS:3.1/AV:N/AC:L/PR:N/UI:N/S:U/C:N/I:N/A:H",,"22","0","true",,"twistlock","nvd-status(undergoing analysis)"
"ibm-maas360-apps-gold-android-ws","10.91-REL-20240508.054228","sha256:a49b440222cc64975f21b06d15dc04098cadc4c9821caa46a7506201d169c678","linux:amd64:","No","CVE-2023-52426","https://access.redhat.com/security/cve/CVE-2023-52426 - twistlock","medium","2.2.5-11.el8",,"2024-02-04",,"expat","os",,"medium - twistlock","5.5 - twistlock","5.5",,,,,"CVSS:3.1/AV:L/AC:L/PR:L/UI:N/S:U/C:N/I:N/A:H",,"22","0","true",,"twistlock","nvd-status(undergoing analysis)"
"ibm-maas360-apps-gold-android-ws","10.91-REL-20240508.054228","sha256:a49b440222cc64975f21b06d15dc04098cadc4c9821caa46a7506201d169c678","linux:amd64:","No","CVE-2023-5455","https://access.redhat.com/security/cve/CVE-2023-5455 - twistlock","medium","1.18.2-26.el8_9",,"2024-01-10",,"krb5-libs","os",,"medium - twistlock","6.5 - twistlock","6.5",,,,,"CVSS:3.1/AV:N/AC:L/PR:N/UI:R/S:U/C:N/I:H/A:N",,"22","0","true",,"twistlock","nvd-status(awaiting analysis)"
"ibm-maas360-apps-gold-android-ws","10.91-REL-20240508.054228","sha256:a49b440222cc64975f21b06d15dc04098cadc4c9821caa46a7506201d169c678","linux:amd64:","No","CVE-2023-6004","https://access.redhat.com/security/cve/CVE-2023-6004 - twistlock","low","0.9.6-13.el8_9",,"2024-01-03",,"libssh;libssh-config","os",,"low - twistlock","4.8 - twistlock","4.8",,,,,"CVSS:3.1/AV:L/AC:L/PR:L/UI:R/S:U/C:L/I:L/A:L",,"22","0","true",,"twistlock","nvd-status(awaiting analysis)"
"ibm-maas360-apps-gold-android-ws","10.91-REL-20240508.054228","sha256:a49b440222cc64975f21b06d15dc04098cadc4c9821caa46a7506201d169c678","linux:amd64:","No","CVE-2023-6597","https://access.redhat.com/security/cve/CVE-2023-6597 - twistlock","high","3.6.8-56.el8_9.3",,"2024-03-19",,"platform-python;python3-libs","os",,"high - twistlock","7.8 - twistlock","7.8",,,,,,,"22","0","true",,"twistlock","nvd-status(awaiting analysis)"
"ibm-maas360-apps-gold-android-ws","10.91-REL-20240508.054228","sha256:a49b440222cc64975f21b06d15dc04098cadc4c9821caa46a7506201d169c678","linux:amd64:","No","CVE-2023-6918","https://access.redhat.com/security/cve/CVE-2023-6918 - twistlock","low","0.9.6-13.el8_9",,"2023-12-19",,"libssh;libssh-config","os",,"low - twistlock","3.7 - twistlock","3.7",,,,,"CVSS:3.1/AV:N/AC:L/PR:N/UI:N/S:U/C:N/I:N/A:L",,"22","0","true",,"twistlock","nvd-status(undergoing analysis)"
"ibm-maas360-apps-gold-android-ws","10.91-REL-20240508.054228","sha256:a49b440222cc64975f21b06d15dc04098cadc4c9821caa46a7506201d169c678","linux:amd64:","No","CVE-2023-7008","https://access.redhat.com/security/cve/CVE-2023-7008 - twistlock","medium","239-78.el8",,"2023-12-23",,"systemd;systemd-libs;systemd-pam","os",,"medium - twistlock","5.9 - twistlock","5.9",,,,,"CVSS:3.1/AV:N/AC:H/PR:N/UI:N/S:U/C:N/I:H/A:N",,"22","0","true",,"twistlock","nvd-status(awaiting analysis)"
"ibm-maas360-apps-gold-android-ws","10.91-REL-20240508.054228","sha256:a49b440222cc64975f21b06d15dc04098cadc4c9821caa46a7506201d169c678","linux:amd64:","No","CVE-2024-0232","https://access.redhat.com/security/cve/CVE-2024-0232 - twistlock","low","3.26.0-19.el8_9",,"2024-01-16",,"sqlite-libs","os",,"low - twistlock","4.7 - twistlock","4.7",,,,,"CVSS:3.1/AV:L/AC:L/PR:N/UI:R/S:U/C:N/I:N/A:H",,"22","0","true",,"twistlock","nvd-status(analyzed)"
"ibm-maas360-apps-gold-android-ws","10.91-REL-20240508.054228","sha256:a49b440222cc64975f21b06d15dc04098cadc4c9821caa46a7506201d169c678","linux:amd64:","No","CVE-2024-0450","https://access.redhat.com/security/cve/CVE-2024-0450 - twistlock","medium","3.6.8-56.el8_9.3",,"2024-03-19",,"platform-python;python3-libs","os",,"medium - twistlock","6.2 - twistlock","6.2",,,,,,,"22","0","true",,"twistlock","nvd-status(awaiting analysis)"
"ibm-maas360-apps-gold-android-ws","10.91-REL-20240508.054228","sha256:a49b440222cc64975f21b06d15dc04098cadc4c9821caa46a7506201d169c678","linux:amd64:","Yes","CVE-2024-20918","https://nvd.nist.gov/vuln/detail/CVE-2024-20918 - twistlock","high","1.8.0_391","18","2024-01-16",,"java","app","/opt/ibm/java/jre/bin/java","high - twistlock","7.4 - twistlock","7.4",,,,,"CVSS:3.1/AV:N/AC:H/PR:N/UI:N/S:U/C:H/I:H/A:N",,"27","2","true",,"twistlock","nvd-status(analyzed)"
"ibm-maas360-apps-gold-android-ws","10.91-REL-20240508.054228","sha256:a49b440222cc64975f21b06d15dc04098cadc4c9821caa46a7506201d169c678","linux:amd64:","Yes","CVE-2024-20922","https://nvd.nist.gov/vuln/detail/CVE-2024-20922 - twistlock","low","1.8.0_391","1.9.1","2024-01-16",,"java","app","/opt/ibm/java/jre/bin/java","low - twistlock","2.5 - twistlock","2.5",,,,,"CVSS:3.1/AV:L/AC:H/PR:N/UI:R/S:U/C:N/I:L/A:N",,"27","2","true",,"twistlock","nvd-status(analyzed)"
"ibm-maas360-apps-gold-android-ws","10.91-REL-20240508.054228","sha256:a49b440222cc64975f21b06d15dc04098cadc4c9821caa46a7506201d169c678","linux:amd64:","Yes","CVE-2024-20926","https://nvd.nist.gov/vuln/detail/CVE-2024-20926 - twistlock","medium","1.8.0_391","18","2024-01-16",,"java","app","/opt/ibm/java/jre/bin/java","medium - twistlock","5.9 - twistlock","5.9",,,,,"CVSS:3.1/AV:N/AC:H/PR:N/UI:N/S:U/C:H/I:N/A:N",,"27","2","true",,"twistlock","nvd-status(analyzed)"
"ibm-maas360-apps-gold-android-ws","10.91-REL-20240508.054228","sha256:a49b440222cc64975f21b06d15dc04098cadc4c9821caa46a7506201d169c678","linux:amd64:","Yes","CVE-2024-20952","https://nvd.nist.gov/vuln/detail/CVE-2024-20952 - twistlock","high","1.8.0_391","18","2024-01-16",,"java","app","/opt/ibm/java/jre/bin/java","high - twistlock","7.4 - twistlock","7.4",,,,,"CVSS:3.1/AV:N/AC:H/PR:N/UI:N/S:U/C:H/I:H/A:N",,"27","2","true",,"twistlock","nvd-status(analyzed)"
"ibm-maas360-apps-gold-android-ws","10.91-REL-20240508.054228","sha256:a49b440222cc64975f21b06d15dc04098cadc4c9821caa46a7506201d169c678","linux:amd64:","Yes","CVE-2024-22243","https://nvd.nist.gov/vuln/detail/CVE-2024-22243 - twistlock","high","5.3.29","6.1.4","2024-02-23",,"spring-web","jar","/opt/tomcat/webapps/android-ws.war/spring-web-5.3.29.jar","high - twistlock","8.1 - twistlock","8.1",,,,,"CVSS:3.1/AV:N/AC:L/PR:N/UI:R/S:U/C:H/I:H/A:N",,"43","11","false",,"twistlock","nvd-status(awaiting analysis)"
"ibm-maas360-apps-gold-android-ws","10.91-REL-20240508.054228","sha256:a49b440222cc64975f21b06d15dc04098cadc4c9821caa46a7506201d169c678","linux:amd64:","Yes","CVE-2024-22257","https://nvd.nist.gov/vuln/detail/CVE-2024-22257 - twistlock","high","5.7.11","6.2.3","2024-03-18",,"spring-security-core","jar","/opt/tomcat/webapps/android-ws.war/spring-security-core-5.7.11.jar","high - twistlock","8.2 - twistlock","8.2",,,,,"CVSS:3.1/AV:N/AC:L/PR:N/UI:N/S:U/C:H/I:L/A:N",,"43","11","false",,"twistlock","nvd-status(awaiting analysis)"
"ibm-maas360-apps-gold-android-ws","10.91-REL-20240508.054228","sha256:a49b440222cc64975f21b06d15dc04098cadc4c9821caa46a7506201d169c678","linux:amd64:","Yes","CVE-2024-22259","https://nvd.nist.gov/vuln/detail/CVE-2024-22259 - twistlock","high","5.3.29","6.1.5","2024-03-16",,"spring-web","jar","/opt/tomcat/webapps/android-ws.war/spring-web-5.3.29.jar","high - twistlock","8.1 - twistlock","8.1",,,,,"CVSS:3.1/AV:N/AC:L/PR:N/UI:R/S:U/C:H/I:H/A:N",,"43","11","false",,"twistlock","nvd-status(awaiting analysis)"
"ibm-maas360-apps-gold-android-ws","10.91-REL-20240508.054228","sha256:a49b440222cc64975f21b06d15dc04098cadc4c9821caa46a7506201d169c678","linux:amd64:","Yes","CVE-2024-22262","https://nvd.nist.gov/vuln/detail/CVE-2024-22262 - twistlock","high","5.3.29","6.1.6","2024-04-16",,"spring-web","jar","/opt/tomcat/webapps/android-ws.war/spring-web-5.3.29.jar","high - twistlock","8.1 - twistlock","8.1",,,,,"CVSS:3.1/AV:N/AC:L/PR:N/UI:R/S:U/C:H/I:H/A:N",,"43","11","false",,"twistlock",
"ibm-maas360-apps-gold-android-ws","10.91-REL-20240508.054228","sha256:a49b440222cc64975f21b06d15dc04098cadc4c9821caa46a7506201d169c678","linux:amd64:","No","CVE-2024-2236","https://access.redhat.com/security/cve/CVE-2024-2236 - twistlock","medium","1.8.5-7.el8_6",,"2024-03-06",,"libgcrypt","os",,"medium - twistlock","5.9 - twistlock","5.9",,,,,,,"22","0","true",,"twistlock","nvd-status(awaiting analysis)"
"ibm-maas360-apps-gold-android-ws","10.91-REL-20240508.054228","sha256:a49b440222cc64975f21b06d15dc04098cadc4c9821caa46a7506201d169c678","linux:amd64:","No","CVE-2024-22365","https://access.redhat.com/security/cve/CVE-2024-22365 - twistlock","medium","1.3.1-27.el8",,"2024-02-06",,"pam","os",,"medium - twistlock","5.5 - twistlock","5.5",,,,,"CVSS:3.1/AV:L/AC:L/PR:L/UI:N/S:U/C:N/I:N/A:H",,"22","0","true",,"twistlock","nvd-status(awaiting analysis)"
"ibm-maas360-apps-gold-android-ws","10.91-REL-20240508.054228","sha256:a49b440222cc64975f21b06d15dc04098cadc4c9821caa46a7506201d169c678","linux:amd64:","No","CVE-2024-22667","https://access.redhat.com/security/cve/CVE-2024-22667 - twistlock","low","8.0.1763-19.el8_6.4",,"2024-02-05",,"vim-minimal","os",,"low - twistlock","8.4 - twistlock","8.4",,,,,"CVSS:3.1/AV:L/AC:L/PR:L/UI:N/S:U/C:H/I:H/A:H",,"22","0","true",,"twistlock","nvd-status(awaiting analysis)"
"ibm-maas360-apps-gold-android-ws","10.91-REL-20240508.054228","sha256:a49b440222cc64975f21b06d15dc04098cadc4c9821caa46a7506201d169c678","linux:amd64:","Yes","CVE-2024-23672","https://nvd.nist.gov/vuln/detail/CVE-2024-23672 - twistlock","medium","9.0.85","11.0.0-M17","2024-03-13",,"tomcat-websocket","jar","/opt/tomcat/lib/tomcat-websocket.jar","medium - twistlock","0 - twistlock","0",,,,,,,"34","6","true",,"twistlock","nvd-status(awaiting analysis)"
"ibm-maas360-apps-gold-android-ws","10.91-REL-20240508.054228","sha256:a49b440222cc64975f21b06d15dc04098cadc4c9821caa46a7506201d169c678","linux:amd64:","No","CVE-2024-2397","https://access.redhat.com/security/cve/CVE-2024-2397 - twistlock","low","1.9.1-5.el8",,"2024-04-12",,"libpcap","os",,"low - twistlock","5.5 - twistlock","5.5",,,,,,,"24","1","true",,"twistlock","nvd-status(awaiting analysis)"
"ibm-maas360-apps-gold-android-ws","10.91-REL-20240508.054228","sha256:a49b440222cc64975f21b06d15dc04098cadc4c9821caa46a7506201d169c678","linux:amd64:","No","CVE-2024-2398","https://access.redhat.com/security/cve/CVE-2024-2398 - twistlock","medium","7.61.1-33.el8",,"2024-03-27",,"curl;libcurl","os",,"medium - twistlock","7.5 - twistlock","7.5",,,,,,,"22","0","true",,"twistlock","nvd-status(awaiting analysis)"
"ibm-maas360-apps-gold-android-ws","10.91-REL-20240508.054228","sha256:a49b440222cc64975f21b06d15dc04098cadc4c9821caa46a7506201d169c678","linux:amd64:","Yes","CVE-2024-24549","https://nvd.nist.gov/vuln/detail/CVE-2024-24549 - twistlock","medium","9.0.85","11.0.0-M17","2024-03-13",,"tomcat-coyote","jar","/opt/tomcat/lib/tomcat-coyote.jar","medium - twistlock","0 - twistlock","0",,,,,,,"34","6","true",,"twistlock","nvd-status(awaiting analysis)"
"ibm-maas360-apps-gold-android-ws","10.91-REL-20240508.054228","sha256:a49b440222cc64975f21b06d15dc04098cadc4c9821caa46a7506201d169c678","linux:amd64:","No","CVE-2024-25062","https://access.redhat.com/security/cve/CVE-2024-25062 - twistlock","medium","2.9.7-18.el8_9",,"2024-02-04",,"libxml2","os",,"medium - twistlock","7.5 - twistlock","7.5",,,,,"CVSS:3.1/AV:N/AC:L/PR:N/UI:N/S:U/C:N/I:N/A:H",,"22","0","true",,"twistlock","nvd-status(awaiting analysis)"
"ibm-maas360-apps-gold-android-ws","10.91-REL-20240508.054228","sha256:a49b440222cc64975f21b06d15dc04098cadc4c9821caa46a7506201d169c678","linux:amd64:","No","CVE-2024-2511","https://access.redhat.com/security/cve/CVE-2024-2511 - twistlock","low","1.1.1k-12.el8_9",,"2024-04-08",,"openssl;openssl-libs","os",,"low - twistlock","3.7 - twistlock","3.7",,,,,,,"24;22","1;0","true",,"twistlock","nvd-status(awaiting analysis)"
"ibm-maas360-apps-gold-android-ws","10.91-REL-20240508.054228","sha256:a49b440222cc64975f21b06d15dc04098cadc4c9821caa46a7506201d169c678","linux:amd64:","Yes","CVE-2024-25710","https://nvd.nist.gov/vuln/detail/CVE-2024-25710 - twistlock","medium","1.24.0","1.26.0","2024-02-19",,"commons-compress","jar","/opt/tomcat/webapps/android-ws.war/commons-compress-1.24.0.jar","medium - twistlock","5.5 - twistlock","5.5",,,,,"CVSS:3.1/AV:L/AC:L/PR:N/UI:R/S:U/C:N/I:N/A:H",,"43","11","false",,"twistlock","nvd-status(analyzed)"
"ibm-maas360-apps-gold-android-ws","10.91-REL-20240508.054228","sha256:a49b440222cc64975f21b06d15dc04098cadc4c9821caa46a7506201d169c678","linux:amd64:","Yes","CVE-2024-26308","https://nvd.nist.gov/vuln/detail/CVE-2024-26308 - twistlock","medium","1.24.0","1.26.0","2024-02-19",,"commons-compress","jar","/opt/tomcat/webapps/android-ws.war/commons-compress-1.24.0.jar","medium - twistlock","5.5 - twistlock","5.5",,,,,"CVSS:3.1/AV:L/AC:L/PR:N/UI:R/S:U/C:N/I:N/A:H",,"43","11","false",,"twistlock","nvd-status(analyzed)"
"ibm-maas360-apps-gold-android-ws","10.91-REL-20240508.054228","sha256:a49b440222cc64975f21b06d15dc04098cadc4c9821caa46a7506201d169c678","linux:amd64:","No","CVE-2024-26458","https://access.redhat.com/security/cve/CVE-2024-26458 - twistlock","low","1.18.2-26.el8_9",,"2024-02-29",,"krb5-libs","os",,"low - twistlock","5.9 - twistlock","5.9",,,,,,,"22","0","true",,"twistlock","nvd-status(awaiting analysis)"
"ibm-maas360-apps-gold-android-ws","10.91-REL-20240508.054228","sha256:a49b440222cc64975f21b06d15dc04098cadc4c9821caa46a7506201d169c678","linux:amd64:","No","CVE-2024-26461","https://access.redhat.com/security/cve/CVE-2024-26461 - twistlock","low","1.18.2-26.el8_9",,"2024-02-29",,"krb5-libs","os",,"low - twistlock","5.9 - twistlock","5.9",,,,,,,"22","0","true",,"twistlock","nvd-status(awaiting analysis)"
"ibm-maas360-apps-gold-android-ws","10.91-REL-20240508.054228","sha256:a49b440222cc64975f21b06d15dc04098cadc4c9821caa46a7506201d169c678","linux:amd64:","No","CVE-2024-27316","https://access.redhat.com/security/cve/CVE-2024-27316 - twistlock","medium","1.33.0-5.el8_9",,"2024-04-04",,"libnghttp2","os",,"medium - twistlock","7.5 - twistlock","7.5",,,,,,,"22","0","true",,"twistlock","nvd-status(awaiting analysis)"
"ibm-maas360-apps-gold-android-ws","10.91-REL-20240508.054228","sha256:a49b440222cc64975f21b06d15dc04098cadc4c9821caa46a7506201d169c678","linux:amd64:","No","CVE-2024-28182","https://access.redhat.com/security/cve/CVE-2024-28182 - twistlock","medium","1.33.0-5.el8_9",,"2024-04-04",,"libnghttp2","os",,"medium - twistlock","5.3 - twistlock","5.3",,,,,,,"22","0","true",,"twistlock","nvd-status(awaiting analysis)"
"ibm-maas360-apps-gold-android-ws","10.91-REL-20240508.054228","sha256:a49b440222cc64975f21b06d15dc04098cadc4c9821caa46a7506201d169c678","linux:amd64:","Yes","CVE-2024-28752","https://nvd.nist.gov/vuln/detail/CVE-2024-28752 - twistlock","medium","3.5.6","4.0.4","2024-03-15",,"cxf-core","jar","/opt/tomcat/webapps/android-ws.war/cxf-core-3.5.6.jar","medium - twistlock","0 - twistlock","0",,,,,,,"43","11","false",,"twistlock","nvd-status(awaiting analysis)"
"ibm-maas360-apps-gold-android-ws","10.91-REL-20240508.054228","sha256:a49b440222cc64975f21b06d15dc04098cadc4c9821caa46a7506201d169c678","linux:amd64:","Yes","CVE-2024-28834","https://access.redhat.com/errata/RHSA-2024:1784 - twistlock","medium","3.6.16-8.el8_9.1","3.6.16-8.el8_9.3","2024-03-21",,"gnutls","os",,"medium - twistlock","5.3 - twistlock","5.3",,,,,,,"22","0","true",,"twistlock","nvd-status(awaiting analysis)"
"ibm-maas360-apps-gold-android-ws","10.91-REL-20240508.054228","sha256:a49b440222cc64975f21b06d15dc04098cadc4c9821caa46a7506201d169c678","linux:amd64:","No","CVE-2024-29040","https://access.redhat.com/security/cve/CVE-2024-29040 - twistlock","medium","2.3.2-5.el8","under investigation","2024-04-30",,"tpm2-tss","os",,"medium - twistlock","0 - twistlock","0",,,,,,,"22","0","true",,"twistlock",
"ibm-maas360-apps-gold-android-ws","10.91-REL-20240508.054228","sha256:a49b440222cc64975f21b06d15dc04098cadc4c9821caa46a7506201d169c678","linux:amd64:","No","CVE-2024-2961","https://access.redhat.com/security/cve/CVE-2024-2961 - twistlock","high","2.28-236.el8_9.12",,"2024-04-17",,"glibc;glibc-common;glibc-devel;glibc-gconv-extra;glibc-headers;glibc-langpack-en;glibc-minimal-langpack","os",,"high - twistlock","8.8 - twistlock","8.8",,,,,,,"24;37","1;7","true",,"twistlock",
"ibm-maas360-apps-gold-android-ws","10.91-REL-20240508.054228","sha256:a49b440222cc64975f21b06d15dc04098cadc4c9821caa46a7506201d169c678","linux:amd64:","No","CVE-2024-3205","https://access.redhat.com/security/cve/CVE-2024-3205 - twistlock","medium","0.1.7-5.el8",,"2024-04-02",,"libyaml","os",,"medium - twistlock","7.5 - twistlock","7.5",,,,,,,"22","0","true",,"twistlock","nvd-status(awaiting analysis)"
"ibm-maas360-apps-gold-android-ws","10.91-REL-20240508.054228","sha256:a49b440222cc64975f21b06d15dc04098cadc4c9821caa46a7506201d169c678","linux:amd64:","No","CVE-2024-33599","https://access.redhat.com/security/cve/CVE-2024-33599 - twistlock","high","2.28-236.el8_9.12",,"2024-05-06",,"glibc;glibc-common;glibc-devel;glibc-gconv-extra;glibc-headers;glibc-langpack-en;glibc-minimal-langpack","os",,"high - twistlock","7.6 - twistlock","7.6",,,,,,,"24;37","1;7","true",,"twistlock",
"ibm-maas360-apps-gold-android-ws","10.91-REL-20240508.054228","sha256:a49b440222cc64975f21b06d15dc04098cadc4c9821caa46a7506201d169c678","linux:amd64:","No","CVE-2024-33600","https://access.redhat.com/security/cve/CVE-2024-33600 - twistlock","medium","2.28-236.el8_9.12",,"2024-05-06",,"glibc;glibc-common;glibc-devel;glibc-gconv-extra;glibc-headers;glibc-langpack-en;glibc-minimal-langpack","os",,"medium - twistlock","5.3 - twistlock","5.3",,,,,,,"24;37","1;7","true",,"twistlock",
"ibm-maas360-apps-gold-android-ws","10.91-REL-20240508.054228","sha256:a49b440222cc64975f21b06d15dc04098cadc4c9821caa46a7506201d169c678","linux:amd64:","No","CVE-2024-33601","https://access.redhat.com/security/cve/CVE-2024-33601 - twistlock","low","2.28-236.el8_9.12",,"2024-05-06",,"glibc;glibc-common;glibc-devel;glibc-gconv-extra;glibc-headers;glibc-langpack-en;glibc-minimal-langpack","os",,"low - twistlock","4 - twistlock","4",,,,,,,"24;37","1;7","true",,"twistlock",
"ibm-maas360-apps-gold-android-ws","10.91-REL-20240508.054228","sha256:a49b440222cc64975f21b06d15dc04098cadc4c9821caa46a7506201d169c678","linux:amd64:","No","CVE-2024-33602","https://access.redhat.com/security/cve/CVE-2024-33602 - twistlock","low","2.28-236.el8_9.12",,"2024-05-06",,"glibc;glibc-common;glibc-devel;glibc-gconv-extra;glibc-headers;glibc-langpack-en;glibc-minimal-langpack","os",,"low - twistlock","4 - twistlock","4",,,,,,,"24;37","1;7","true",,"twistlock",
"ibm-maas360-apps-gold-android-ws","10.91-REL-20240508.054228","sha256:a49b440222cc64975f21b06d15dc04098cadc4c9821caa46a7506201d169c678","linux:amd64:","Yes","CVE-2024-34447","https://nvd.nist.gov/vuln/detail/CVE-2024-34447 - twistlock","low","1.77.00.0","1.78","2024-05-03",,"bcprov-jdk18on","jar","/opt/tomcat/webapps/android-ws.war/bcprov-jdk18on-1.77.jar","low - twistlock","0 - twistlock","0",,,,,,,"43","11","false",,"twistlock",
"ibm-maas360-apps-gold-android-ws","10.91-REL-20240508.054228","sha256:a49b440222cc64975f21b06d15dc04098cadc4c9821caa46a7506201d169c678","linux:amd64:","Yes","CVE-2024-3651","https://nvd.nist.gov/vuln/detail/CVE-2024-3651 - twistlock","medium","2.5","3.7","2024-04-12",,"idna","python","/usr/lib/python3.6/site-packages/idna-2.5-py3.6.egg-info","medium - twistlock","6.2 - twistlock","6.2",,,,,,,"22","0","true",,"twistlock",
